Date,Close,High,Low,Open,Volume
2020-01-01,204.3975372314453,208.0775146484375,203.2051544189453,204.67129516601562,1456113692
2020-01-02,195.6985626220703,205.13674926757812,194.06980895996094,204.3545379638672,1432801807
2020-01-03,222.41297912597656,224.95086669921875,192.9794921875,196.0076904296875,2644279656
2020-01-04,226.01869201660156,227.4605255126953,220.28091430664062,222.53656005859375,1861485049
2020-01-05,224.09652709960938,228.21929931640625,222.35269165039062,225.7798309326172,1681830248
2020-01-06,244.5572052001953,245.1061248779297,223.6918182373047,224.34791564941406,2328224536
2020-01-07,243.2584991455078,245.8449249267578,234.17678833007812,244.7130126953125,2234914578
2020-01-08,241.0552215576172,251.29730224609375,234.3932342529297,243.07920837402344,2424659797
2020-01-09,239.2226104736328,243.04739379882812,232.34799194335938,240.99803161621094,1908677851
2020-01-10,270.72528076171875,271.7676696777344,232.63597106933594,239.55162048339844,2986773814
2020-01-11,260.67999267578125,276.6336364746094,259.8102722167969,270.19720458984375,2487051623
2020-01-12,268.237060546875,269.07086181640625,259.2812194824219,261.10028076171875,2168514332
2020-01-13,267.5228271484375,270.7655944824219,261.87115478515625,268.4125061035156,1884541173
2020-01-14,350.2635192871094,364.1580810546875,267.5311279296875,267.6441650390625,6618289058
2020-01-15,339.39532470703125,358.8165283203125,319.00921630859375,348.7173156738281,5240635087
2020-01-16,325.9784851074219,341.23760986328125,311.56280517578125,339.6820983886719,3652947113
2020-01-17,366.97698974609375,379.68365478515625,320.6188659667969,326.3751220703125,5128628377
2020-01-18,339.11627197265625,398.8927307128906,334.83538818359375,367.4088439941406,6041778648
2020-01-19,338.30511474609375,362.1460876464844,323.1120300292969,338.4001770019531,4458226713
2020-01-20,343.8071594238281,351.8434143066406,325.28228759765625,338.119384765625,3361586387
2020-01-21,343.4217834472656,346.53643798828125,334.7032470703125,343.5102844238281,2658918440
2020-01-22,347.2313232421875,352.0074768066406,339.61688232421875,343.3699951171875,2468426687
2020-01-23,324.8680114746094,348.3945007324219,319.2879638671875,347.4979248046875,2722405196
2020-01-24,319.5209045410156,327.37530517578125,299.9560852050781,325.1677551269531,3346887042
2020-01-25,311.35833740234375,319.4014587402344,305.48773193359375,319.3762512207031,2169791084
2020-01-26,346.99786376953125,347.7431945800781,308.5487365722656,310.99591064453125,3192088890
2020-01-27,362.6493225097656,374.86090087890625,346.531005859375,346.8900451660156,4123924761
2020-01-28,378.859130859375,382.775146484375,360.5024719238281,362.65313720703125,3916343793
2020-01-29,381.5235290527344,393.7833557128906,378.2979736328125,379.10308837890625,3987047015
2020-01-30,392.9721374511719,395.5552062988281,373.5348205566406,380.861572265625,4055518921
2020-01-31,375.3895568847656,393.8035583496094,366.5951232910156,392.8301696777344,3667538280
2020-02-01,381.01336669921875,387.3855895996094,374.601318359375,375.06658935546875,3218496040
2020-02-02,378.27301025390625,388.38543701171875,370.8065490722656,380.25347900390625,3246254490
2020-02-03,383.8786926269531,389.4546813964844,375.8619689941406,377.9372253417969,3410323023
2020-02-04,380.5999755859375,387.1604309082031,374.65899658203125,383.7582092285156,3143637424
2020-02-05,442.0081481933594,442.0984802246094,379.15716552734375,380.71893310546875,5289083000
2020-02-06,442.7859191894531,445.92816162109375,427.78680419921875,442.3412780761719,4860546337
2020-02-07,439.75341796875,454.0125732421875,433.949462890625,442.5661926269531,4461219818
2020-02-08,443.5063171386719,451.2791748046875,427.8006591796875,439.7012939453125,4419573713
2020-02-09,449.8135986328125,458.0118713378906,438.73297119140625,443.06829833984375,4503926958
2020-02-10,452.88751220703125,457.9459228515625,439.0682373046875,449.9117126464844,4615609704
2020-02-11,461.2581787109375,463.737060546875,441.8290710449219,452.9929504394531,4555794105
2020-02-12,475.48052978515625,479.6651306152344,461.0984802246094,461.1723327636719,5045367008
2020-02-13,474.3179931640625,482.79571533203125,461.2630615234375,475.0639343261719,5008241277
2020-02-14,491.16064453125,493.0281066894531,467.2329406738281,474.4730529785156,5065237281
2020-02-15,437.6649475097656,492.6701965332031,433.6261901855469,491.1003112792969,5190427957
2020-02-16,415.9406433105469,455.38262939453125,393.8258361816406,438.87750244140625,5449550841
2020-02-17,409.3445739746094,416.80816650390625,372.6043701171875,415.05010986328125,6803728992
2020-02-18,418.8741760253906,423.4830017089844,387.88397216796875,409.6348876953125,5886874448
2020-02-19,382.21942138671875,421.6566467285156,378.70843505859375,419.09710693359375,4542003340
2020-02-20,372.4815979003906,386.3260498046875,361.7483215332031,381.30047607421875,6890851156
2020-02-21,379.3971862792969,385.3952331542969,369.5458068847656,372.2878723144531,4836161572
2020-02-22,373.8331298828125,380.342041015625,369.83251953125,379.8045654296875,3527159322
2020-02-23,401.6355285644531,401.6355285644531,373.0745544433594,373.7572937011719,4162646980
2020-02-24,377.5785827636719,410.405517578125,367.0270690917969,401.3996276855469,4914188970
2020-02-25,353.9774475097656,377.49737548828125,348.12451171875,377.1636657714844,4606854507
2020-02-26,316.6441345214844,359.0518493652344,307.8385009765625,353.9785461425781,6763748571
2020-02-27,323.2856750488281,332.8537902832031,308.7215576171875,318.0464782714844,5287840793
2020-02-28,313.6275329589844,328.6724853515625,301.7050476074219,323.1212158203125,5138037107
2020-02-29,308.32623291015625,321.0697937011719,306.9123229980469,313.9254150390625,3835560261
2020-03-01,313.303466796875,321.9158935546875,305.8775329589844,308.260498046875,4048910843
2020-03-02,336.79327392578125,340.65252685546875,311.5241394042969,313.32330322265625,19808528742
2020-03-03,329.2382507324219,337.59100341796875,323.6767578125,336.9118957519531,29574589033
2020-03-04,319.2500915527344,330.95947265625,313.5711975097656,329.5291748046875,10228558602
2020-03-05,337.24481201171875,342.56268310546875,319.3156433105469,319.3156433105469,4756771998
2020-03-06,348.89349365234375,351.4958190917969,334.17486572265625,337.394775390625,4856222089
2020-03-07,330.8061218261719,349.63446044921875,330.38720703125,349.1767883300781,3875979762
2020-03-08,276.1997985839844,331.1315612792969,274.5147399902344,331.0129699707031,4940601444
2020-03-09,273.2071228027344,279.0417175292969,255.10519409179688,275.9615478515625,5692575812
2020-03-10,271.7152404785156,277.1541442871094,265.6618347167969,273.5170593261719,4070679142
2020-03-11,266.85546875,273.9375915527344,253.3833770751953,271.84442138671875,3633629631
2020-03-12,152.22499084472656,266.9176940917969,150.85890197753906,266.75347900390625,5267287206
2020-03-13,176.49472045898438,187.87930297851562,139.21664428710938,152.17665100097656,7430982761
2020-03-14,167.584716796875,180.14442443847656,165.05343627929688,177.12457275390625,3542066431
2020-03-15,178.311279296875,187.47628784179688,166.020263671875,167.5603790283203,3000089521
2020-03-16,170.7366485595703,183.1640167236328,152.2965545654297,178.19683837890625,4079544956
2020-03-17,180.32638549804688,185.09710693359375,170.54531860351562,171.05067443847656,3314225864
2020-03-18,179.0923309326172,182.5297393798828,171.39852905273438,179.77847290039062,2984002272
2020-03-19,221.2685546875,229.17681884765625,177.77716064453125,178.9247589111328,5208693462
2020-03-20,214.42494201660156,242.51275634765625,198.2738800048828,221.47735595703125,5643988214
2020-03-21,219.3675079345703,225.13912963867188,209.30018615722656,214.3974609375,4157945375
2020-03-22,203.6722869873047,229.77989196777344,202.99118041992188,219.5990447998047,4015953536
2020-03-23,219.33047485351562,219.85073852539062,200.7449951171875,203.528076171875,4187958180
2020-03-24,227.24609375,229.3258819580078,218.09034729003906,219.82435607910156,3821906574
2020-03-25,220.4403533935547,228.28817749023438,215.91781616210938,227.4053955078125,3456700025
2020-03-26,226.8231201171875,226.855224609375,220.5288848876953,220.5288848876953,3364466566
2020-03-27,217.58334350585938,232.0724639892578,216.98463439941406,226.9561309814453,3273866630
2020-03-28,214.22467041015625,217.33529663085938,205.44015502929688,217.33529663085938,3419855738
2020-03-29,206.4635009765625,216.02633666992188,205.6572723388672,214.134765625,2748237987
2020-03-30,221.53810119628906,224.10377502441406,206.2023162841797,206.3626708984375,3193929370
2020-03-31,219.62759399414062,223.5776824951172,217.4749755859375,221.21221923828125,2933494164
2020-04-01,224.0209503173828,224.0209503173828,213.3535919189453,219.26390075683594,3197608308
2020-04-02,232.6527862548828,242.66427612304688,223.21585083007812,223.8942413330078,4225298020
2020-04-03,235.81333923339844,241.36129760742188,231.5727081298828,232.51351928710938,3713212644
2020-04-04,238.8193359375,239.31886291503906,233.0816192626953,235.86216735839844,3145975504
2020-04-05,231.99798583984375,239.705810546875,228.1375732421875,238.75189208984375,3000506532
2020-04-06,255.9195098876953,256.0498046875,231.6900634765625,231.9339599609375,4488196701
2020-04-07,252.0573272705078,262.77581787109375,249.3090057373047,256.2571105957031,4141693728
2020-04-08,266.2397155761719,277.6513977050781,250.1910400390625,252.0526885986328,5490182226
2020-04-09,257.4815979003906,272.5317077636719,254.6571044921875,266.4084167480469,3810256863
2020-04-10,233.0908203125,258.99261474609375,229.19020080566406,257.4035949707031,4209340295
2020-04-11,232.05343627929688,239.39759826660156,223.8828582763672,233.03370666503906,3375116763
2020-04-12,235.79196166992188,241.8480682373047,228.6724853515625,232.29347229003906,3302348952
2020-04-13,223.85189819335938,235.97242736816406,218.16403198242188,235.97242736816406,3773119195
2020-04-14,221.9703369140625,228.10336303710938,221.14956665039062,224.0659942626953,3488071916
2020-04-15,215.50686645507812,224.707275390625,214.97824096679688,222.09730529785156,2913397511
2020-04-16,235.5927734375,238.1910400390625,209.52166748046875,215.5862274169922,4494166640
2020-04-17,233.6195068359375,237.47885131835938,231.96209716796875,235.74169921875,3171543712
2020-04-18,243.07899475097656,245.7857666015625,233.5261993408203,233.6702423095703,3305881530
2020-04-19,233.5887908935547,246.79852294921875,233.53897094726562,243.04722595214844,3151276767
2020-04-20,221.5682830810547,239.6705780029297,219.0396270751953,233.43609619140625,3451593161
2020-04-21,221.7474365234375,223.86390686035156,218.26248168945312,221.3257598876953,3200278407
2020-04-22,233.2998504638672,234.99966430664062,220.19410705566406,221.63265991210938,3269706986
2020-04-23,236.595947265625,240.9862518310547,228.0653839111328,233.46981811523438,3933867096
2020-04-24,239.76869201660156,241.878662109375,236.7661895751953,236.91378784179688,3222729325
2020-04-25,239.71786499023438,244.37588500976562,238.10659790039062,239.7606964111328,3228034423
2020-04-26,246.2655792236328,248.0518798828125,239.32923889160156,239.64280700683594,3598384103
2020-04-27,243.2716522216797,248.65350341796875,237.4867401123047,246.35357666015625,3957867549
2020-04-28,243.70098876953125,244.31332397460938,239.75733947753906,243.2686309814453,3253434689
2020-04-29,257.492431640625,259.7848205566406,242.3564910888672,243.785400390625,4812318624
2020-04-30,249.84295654296875,275.158203125,247.414794921875,257.4105529785156,5464514305
2020-05-01,257.2282409667969,261.6734313964844,249.93618774414062,249.93618774414062,3502984887
2020-05-02,261.9789733886719,262.2106628417969,253.757568359375,257.2315673828125,3062945430
2020-05-03,252.5444793701172,266.56817626953125,247.8617401123047,261.97113037109375,3830272430
2020-05-04,245.4697723388672,253.26171875,240.40145874023438,252.42855834960938,3731133845
2020-05-05,244.59231567382812,249.2342071533203,241.84686279296875,245.409423828125,3335620972
2020-05-06,245.8161163330078,254.11668395996094,242.98321533203125,244.3135223388672,3315416831
2020-05-07,252.66128540039062,256.0917053222656,241.0355224609375,245.89353942871094,3669677517
2020-05-08,261.4407958984375,264.84173583984375,247.60768127441406,252.5208740234375,3977784265
2020-05-09,266.1372985839844,274.46417236328125,259.682861328125,261.0458984375,4711612711
2020-05-10,232.79788208007812,266.38055419921875,225.96092224121094,266.38055419921875,5084650413
2020-05-11,234.95458984375,236.40982055664062,221.53536987304688,232.990478515625,4251733844
2020-05-12,233.1196746826172,237.66697692871094,230.69088745117188,235.34234619140625,3319282598
2020-05-13,239.16012573242188,240.22857666015625,230.90994262695312,233.07550048828125,2955784580
2020-05-14,241.85679626464844,244.16783142089844,235.53001403808594,238.7760772705078,3882506405
2020-05-15,235.5139617919922,242.269775390625,233.64767456054688,241.79104614257812,3128349198
2020-05-16,236.64601135253906,239.91136169433594,234.12750244140625,235.54470825195312,2812165778
2020-05-17,241.1920623779297,244.96145629882812,236.0435791015625,236.52272033691406,2945657400
2020-05-18,247.82530212402344,253.1949462890625,240.94825744628906,241.31393432617188,3247380685
2020-05-19,245.93243408203125,249.86923217773438,243.06954956054688,247.94476318359375,2843744723
2020-05-20,239.5227508544922,247.2677001953125,237.71392822265625,245.76922607421875,2793413864
2020-05-21,228.39590454101562,241.6224822998047,222.3531494140625,239.48257446289062,3084097042
2020-05-22,234.50318908691406,235.45249938964844,225.87448120117188,228.35772705078125,2690376408
2020-05-23,234.97735595703125,238.5353546142578,232.3497314453125,234.5587921142578,2403159772
2020-05-24,224.8321990966797,237.0311737060547,224.7442169189453,234.98988342285156,2576633240
2020-05-25,230.56382751464844,231.73989868164062,223.15380859375,224.4893341064453,2405283865
2020-05-26,227.2208709716797,230.91909790039062,224.519287109375,230.5618438720703,2604514395
2020-05-27,233.5209503173828,234.03079223632812,226.86691284179688,227.27850341796875,3107896651
2020-05-28,239.40753173828125,239.99240112304688,230.63954162597656,233.57923889160156,3295793176
2020-05-29,238.14834594726562,242.3585205078125,235.6391143798828,239.46180725097656,3328065949
2020-05-30,251.29953002929688,251.76719665527344,236.24037170410156,238.174560546875,3987199933
2020-05-31,239.8770294189453,251.27980041503906,238.76351928710938,251.27980041503906,3391410580
2020-06-01,255.35218811035156,256.04217529296875,239.10916137695312,239.84722900390625,3467571665
2020-06-02,249.05322265625,266.46832275390625,245.81809997558594,255.15139770507812,4553495543
2020-06-03,252.06361389160156,252.144287109375,246.54367065429688,249.06175231933594,3089648824
2020-06-04,256.684814453125,258.7501220703125,248.81301879882812,252.13841247558594,2675520555
2020-06-05,256.7554016113281,262.2632751464844,255.7275390625,256.6915588378906,2284892761
2020-06-06,253.27015686035156,259.12939453125,252.06838989257812,256.7499084472656,1789267443
2020-06-07,254.33514404296875,255.69119262695312,246.8877716064453,253.31019592285156,2029755285
2020-06-08,255.11830139160156,256.8124694824219,251.9416961669922,254.23818969726562,1911457074
2020-06-09,255.30441284179688,256.0477294921875,252.12107849121094,255.12493896484375,2495377513
2020-06-10,257.2525939941406,257.96710205078125,253.84934997558594,255.2957305908203,1751487317
2020-06-11,236.43728637695312,258.0511169433594,235.2791748046875,257.2331848144531,2357578052
2020-06-12,242.23878479003906,243.8662109375,235.13140869140625,236.43235778808594,1575407714
2020-06-13,241.16116333007812,242.4555206298828,238.4854278564453,242.28271484375,1249523526
2020-06-14,238.761962890625,241.18417358398438,237.4137420654297,241.11573791503906,1293145682
2020-06-15,236.2717742919922,239.4488525390625,226.23448181152344,238.761962890625,1735535133
2020-06-16,237.5287628173828,239.38914489746094,235.6566162109375,236.2512664794922,1436709293
2020-06-17,240.45362854003906,241.64004516601562,235.8423309326172,237.54591369628906,1423308166
2020-06-18,236.96237182617188,240.72073364257812,234.23184204101562,240.45362854003906,1297367924
2020-06-19,232.33120727539062,237.22531127929688,231.51873779296875,236.94744873046875,1539773469
2020-06-20,231.904541015625,236.0438995361328,228.63587951660156,232.51414489746094,1456119912
2020-06-21,231.2866973876953,234.88388061523438,231.06300354003906,231.6234130859375,1140422501
2020-06-22,239.78968811035156,242.60179138183594,231.04786682128906,231.23023986816406,1747834935
2020-06-23,240.80845642089844,243.85452270507812,235.63197326660156,239.87808227539062,1205235951
2020-06-24,233.15579223632812,245.06565856933594,231.1907501220703,241.05221557617188,1318424526
2020-06-25,232.4136199951172,234.56378173828125,228.54061889648438,233.09848022460938,1119333309
2020-06-26,230.10769653320312,234.32472229003906,229.17909240722656,233.01144409179688,1354186233
2020-06-27,218.40892028808594,232.44973754882812,214.19371032714844,229.8044891357422,1254377553
2020-06-28,222.71221923828125,225.66278076171875,214.87408447265625,219.01123046875,1103240861
2020-06-29,225.197021484375,226.42141723632812,219.1707763671875,222.71795654296875,1220387625
2020-06-30,221.99168395996094,226.31082153320312,220.74374389648438,224.92193603515625,1035300969
2020-07-01,223.68643188476562,226.89752197265625,221.29183959960938,222.5667266845703,1116192161
2020-07-02,222.30377197265625,225.4071044921875,219.46165466308594,223.77761840820312,1091433602
2020-07-03,221.56253051757812,223.9868621826172,220.15469360351562,222.28347778320312,945457250
2020-07-04,225.3276824951172,226.14430236816406,220.44805908203125,221.3977813720703,990572133
2020-07-05,221.84327697753906,225.35519409179688,217.69273376464844,224.64535522460938,1008979533
2020-07-06,241.63209533691406,242.6310272216797,221.5017547607422,221.84327697753906,1611378435
2020-07-07,237.146728515625,242.72711181640625,235.45516967773438,240.205810546875,1177038173
2020-07-08,243.23020935058594,245.213623046875,236.1948699951172,237.19039916992188,1394567310
2020-07-09,238.85585021972656,244.33261108398438,234.93568420410156,243.0772705078125,1232428952
2020-07-10,237.9202423095703,239.3363494873047,233.03744506835938,238.73231506347656,1123218900
2020-07-11,236.66221618652344,238.8543243408203,235.54995727539062,237.96047973632812,839280887
2020-07-12,236.76905822753906,238.80755615234375,234.27151489257812,236.69943237304688,896740451
2020-07-13,232.42864990234375,237.22206115722656,228.56387329101562,236.76905822753906,1208729132
2020-07-14,230.0078887939453,232.37998962402344,227.808837890625,232.29405212402344,1138634120
2020-07-15,227.27151489257812,230.64173889160156,226.32632446289062,229.97679138183594,997085718
2020-07-16,224.01583862304688,228.00563049316406,220.2278289794922,227.29220581054688,1147931868
2020-07-17,222.80775451660156,224.87875366210938,222.24876403808594,224.0329132080078,941024161
2020-07-18,224.25289916992188,226.65467834472656,222.37229919433594,222.78749084472656,869975905
2020-07-19,227.096435546875,227.72808837890625,221.4727020263672,224.19664001464844,955372849
2020-07-20,222.7543182373047,227.6166534423828,221.55641174316406,227.1183624267578,952296138
2020-07-21,229.5620574951172,231.2313232421875,222.201171875,222.7078399658203,1159452662
2020-07-22,238.69503784179688,238.69503784179688,227.9061737060547,229.574462890625,1234729239
2020-07-23,237.55404663085938,241.71127319335938,236.31565856933594,238.7882080078125,1350739708
2020-07-24,235.51646423339844,238.7000732421875,233.48207092285156,237.76095581054688,1193524031
2020-07-25,249.51010131835938,251.90167236328125,235.17813110351562,235.44192504882812,1648365419
2020-07-26,246.82443237304688,255.4683380126953,244.80859375,249.82766723632812,1674308833
2020-07-27,267.4276123046875,273.4014587402344,246.8129119873047,246.81956481933594,2488636345
2020-07-28,288.5520935058594,295.4469299316406,265.742919921875,268.3876037597656,2732696107
2020-07-29,288.3741455078125,293.6949768066406,286.0474548339844,288.80303955078125,1920329028
2020-07-30,292.1941833496094,298.8695068359375,282.510986328125,288.46954345703125,1910379360
2020-07-31,300.5045166015625,304.5978698730469,287.6510314941406,291.98553466796875,1905797789
2020-08-01,317.9964599609375,319.1803283691406,298.1397705078125,300.5045166015625,2447916240
2020-08-02,283.781982421875,334.7835998535156,278.1305236816406,318.4190673828125,3364496979
2020-08-03,296.5352478027344,303.1224365234375,282.2572937011719,283.9114074707031,2060352679
2020-08-04,288.3858642578125,301.5982360839844,284.0450439453125,296.5312194824219,1888924124
2020-08-05,294.48663330078125,298.3680725097656,285.80267333984375,288.3840637207031,1871748593
2020-08-06,308.76031494140625,318.4675598144531,289.1709289550781,294.40631103515625,2448845324
2020-08-07,303.4585876464844,324.7738952636719,291.0047912597656,308.6291198730469,3075582968
2020-08-08,304.4788818359375,309.7240905761719,300.0804443359375,303.44049072265625,1778961459
2020-08-09,300.4008483886719,309.3410949707031,295.30950927734375,305.2589416503906,1629018370
2020-08-10,302.5855407714844,309.0935974121094,298.51190185546875,300.3800964355469,1900620718
2020-08-11,282.9462585449219,305.4947204589844,274.5390319824219,302.6356506347656,2096741327
2020-08-12,287.6067810058594,292.5119323730469,274.4346008300781,283.05975341796875,1888602267
2020-08-13,299.5163879394531,300.0901794433594,276.3562927246094,287.654296875,1979906897
2020-08-14,293.3980407714844,301.2862243652344,291.10601806640625,299.46923828125,1873594486
2020-08-15,303.00421142578125,306.7950439453125,293.2605285644531,293.2605285644531,1976925925
2020-08-16,307.86529541015625,312.1244812011719,297.8517761230469,303.01373291015625,2025998808
2020-08-17,317.29876708984375,323.1221618652344,303.18853759765625,307.86529541015625,2314759458
2020-08-18,304.17498779296875,323.09844970703125,304.17498779296875,317.34942626953125,1935254637
2020-08-19,292.6985778808594,308.55450439453125,283.90643310546875,304.28741455078125,1892818478
2020-08-20,294.7916259765625,295.8107604980469,290.2236633300781,292.6971130371094,1275491257
2020-08-21,284.2982482910156,304.51898193359375,283.9986877441406,294.7323303222656,1676078293
2020-08-22,287.3624267578125,287.4587097167969,278.771484375,284.24969482421875,1270186095
2020-08-23,284.9570617675781,287.3853759765625,280.3036193847656,286.9106750488281,1031635458
2020-08-24,291.3259582519531,293.77276611328125,283.3767395019531,285.0693359375,1211774706
2020-08-25,276.7991943359375,291.6270446777344,271.8081359863281,291.3663635253906,1464994914
2020-08-26,275.5710144042969,278.7173767089844,271.9747619628906,276.6216125488281,1147215569
2020-08-27,264.5843200683594,277.05328369140625,260.7337341308594,275.4228515625,1372140072
2020-08-28,268.9147033691406,271.6694030761719,262.4244384765625,264.6756286621094,1147885582
2020-08-29,268.95428466796875,272.613037109375,267.19384765625,269.11297607421875,1116848741
2020-08-30,279.0695495605469,279.0695495605469,268.5684509277344,268.8428649902344,1161105104
2020-08-31,274.5431823730469,280.95947265625,273.81744384765625,279.2804260253906,1163683245
2020-09-01,292.71978759765625,295.44842529296875,270.7794189453125,274.4808654785156,1755312158
2020-09-02,264.1186218261719,294.5425720214844,258.7408142089844,292.4286193847656,2049397876
2020-09-03,216.06240844726562,265.9413146972656,214.00332641601562,264.09149169921875,1891347861
2020-09-04,231.87460327148438,239.1898193359375,215.0174560546875,215.61700439453125,2130928347
2020-09-05,225.30081176757812,234.96884155273438,216.57566833496094,231.64317321777344,3128814772
2020-09-06,228.45327758789062,232.96266174316406,220.77548217773438,225.30081176757812,2533324540
2020-09-07,228.60894775390625,230.0712127685547,216.87879943847656,228.3511962890625,2767464423
2020-09-08,222.5369873046875,230.3777618408203,217.58351135253906,228.67037963867188,2444380275
2020-09-09,224.6769561767578,228.60133361816406,219.34432983398438,222.55824279785156,1619487057
2020-09-10,227.71348571777344,230.25619506835938,224.61630249023438,224.68634033203125,2007978798
2020-09-11,225.5377197265625,228.332763671875,221.31680297851562,227.71348571777344,1769308088
2020-09-12,230.29383850097656,230.29383850097656,223.1001434326172,225.56092834472656,1588108882
2020-09-13,221.8260040283203,234.18914794921875,219.78115844726562,230.29383850097656,2008902148
2020-09-14,226.2642364501953,230.89463806152344,220.12107849121094,221.83326721191406,2125300854
2020-09-15,235.62937927246094,241.22853088378906,225.68788146972656,226.40097045898438,3148522136
2020-09-16,231.77151489257812,235.99716186523438,227.79823303222656,235.74246215820312,2513150071
2020-09-17,233.16746520996094,239.27662658691406,230.60035705566406,231.58596801757812,2356975266
2020-09-18,234.20863342285156,238.98553466796875,231.5335235595703,233.16746520996094,1967062407
2020-09-19,233.62826538085938,237.23324584960938,232.2878875732422,234.0928192138672,1761438254
2020-09-20,226.41571044921875,233.7558135986328,223.32777404785156,233.64366149902344,1665443818
2020-09-21,213.51565551757812,228.89825439453125,211.0287322998047,226.6498260498047,1708443759
2020-09-22,220.0342254638672,220.0886688232422,211.9852752685547,213.49847412109375,987166460
2020-09-23,207.91709899902344,220.2329559326172,205.58045959472656,220.17662048339844,1301444746
2020-09-24,216.38758850097656,217.72265625,206.91896057128906,208.08953857421875,1324408643
2020-09-25,216.63528442382812,218.0692596435547,211.36959838867188,216.42971801757812,1288116068
2020-09-26,222.0533905029297,223.72210693359375,213.82119750976562,216.66358947753906,1313240851
2020-09-27,228.81472778320312,229.95181274414062,217.7713165283203,221.80685424804688,1523786887
2020-09-28,226.1543426513672,233.74163818359375,225.990234375,229.5404815673828,1822226481
2020-09-29,228.97799682617188,229.93125915527344,225.1585693359375,225.95799255371094,1410092783
2020-09-30,228.00575256347656,230.2152862548828,225.5736541748047,229.11659240722656,1434832333
2020-10-01,227.41920471191406,233.30372619628906,222.42620849609375,228.22329711914062,1721068341
2020-10-02,220.0218048095703,228.36607360839844,214.28665161132812,228.13980102539062,1789037001
2020-10-03,218.86378479003906,221.41067504882812,218.66976928710938,220.00820922851562,1095787428
2020-10-04,221.39239501953125,222.87899780273438,217.8190155029297,219.1328887939453,1205298877
2020-10-05,222.05032348632812,222.9849090576172,219.4608917236328,221.40658569335938,1224383391
2020-10-06,220.03297424316406,229.012939453125,217.5021209716797,222.13238525390625,1780121739
2020-10-07,223.2733917236328,223.75672912597656,217.23117065429688,220.01663208007812,1352439343
2020-10-08,233.62193298339844,235.6588897705078,221.6968231201172,223.22018432617188,1899945427
2020-10-09,237.3656768798828,240.0292510986328,232.33615112304688,234.0031280517578,1835550892
2020-10-10,237.32351684570312,245.2147674560547,236.49693298339844,237.29986572265625,1900960677
2020-10-11,239.6698455810547,243.0731201171875,236.8244171142578,237.50730895996094,1819533632
2020-10-12,239.81495666503906,243.68353271484375,234.6718292236328,239.4386444091797,1789792727
2020-10-13,253.53024291992188,254.80953979492188,238.25709533691406,239.8661651611328,2334880624
2020-10-14,259.13348388671875,259.5049133300781,251.1337890625,253.6314697265625,2389412354
2020-10-15,261.3847351074219,265.2327880859375,255.7950439453125,259.1790466308594,2590009260
2020-10-16,250.32540893554688,265.9696350097656,247.4555206298828,262.1650695800781,3025371472
2020-10-17,246.31993103027344,252.43714904785156,243.51290893554688,250.7940216064453,2077377477
2020-10-18,249.81216430664062,250.6862030029297,245.3438720703125,246.10243225097656,1693057793
2020-10-19,250.7097930908203,252.42230224609375,246.826416015625,249.8350830078125,1823030809
2020-10-20,242.84555053710938,250.73289489746094,240.88807678222656,250.73289489746094,2230433445
2020-10-21,258.51458740234375,262.8104248046875,242.48052978515625,242.81402587890625,3164562404
2020-10-22,266.4726257324219,272.09576416015625,258.1179504394531,258.22906494140625,3250753926
2020-10-23,270.3146667480469,274.6895446777344,263.5596618652344,266.6266784667969,2740574138
2020-10-24,275.12200927734375,276.451171875,267.768310546875,270.3147888183594,2049345141
2020-10-25,271.0794372558594,275.2556457519531,268.1629943847656,275.12200927734375,2158858954
2020-10-26,259.7825927734375,272.6365966796875,254.48899841308594,271.0794677734375,2851175628
2020-10-27,264.5394287109375,267.63348388671875,257.4866027832031,259.78253173828125,2718701859
2020-10-28,268.4897155761719,279.1338806152344,259.75054931640625,264.5395812988281,3670734190
2020-10-29,267.0560607910156,271.242919921875,258.67462158203125,268.4902038574219,2670911240
2020-10-30,261.828125,269.5421447753906,256.4303894042969,267.0567932128906,3032354182
2020-10-31,261.75823974609375,265.49267578125,259.8060302734375,261.828125,2021384093
2020-11-01,267.5558166503906,269.4959716796875,260.10595703125,261.75823974609375,1785981045
2020-11-02,257.19970703125,270.8263244628906,255.1884765625,267.5544128417969,2473366490
2020-11-03,244.14683532714844,258.70404052734375,236.86676025390625,257.1990051269531,2902353056
2020-11-04,241.13009643554688,244.53590393066406,232.35546875,244.14649963378906,2602972773
2020-11-05,249.5473175048828,251.62969970703125,241.1420440673828,241.1420440673828,2296534780
2020-11-06,257.7201843261719,259.03778076171875,248.19325256347656,249.54649353027344,2307792598
2020-11-07,253.5904083251953,276.0485534667969,246.75784301757812,257.7203674316406,3306975309
2020-11-08,270.6977844238281,276.9449157714844,251.56640625,253.5904083251953,1964488513
2020-11-09,263.9813232421875,273.35919189453125,258.45867919921875,270.6978759765625,1926205001
2020-11-10,257.351806640625,265.95281982421875,255.2204132080078,263.98675537109375,1590780216
2020-11-11,257.1214904785156,262.2994689941406,256.628173828125,257.35150146484375,1483145652
2020-11-12,259.821533203125,264.3543395996094,252.63058471679688,257.1195068359375,1691361924
2020-11-13,259.1717834472656,262.10430908203125,249.88340759277344,259.8208923339844,2159730843
2020-11-14,255.76904296875,261.5955505371094,254.18032836914062,259.1717834472656,2131937376
2020-11-15,241.36802673339844,259.9108581542969,239.39486694335938,255.76904296875,2400160029
2020-11-16,250.13929748535156,252.9383087158203,234.32347106933594,241.36802673339844,2443954097
2020-11-17,255.2885284423828,257.56976318359375,249.54962158203125,252.35394287109375,1738784593
2020-11-18,247.1260528564453,257.7160339355469,242.98324584960938,255.28707885742188,2327656295
2020-11-19,246.27008056640625,250.45689392089844,241.6893768310547,247.12481689453125,1254227175
2020-11-20,258.8548889160156,259.01220703125,245.71343994140625,246.2684326171875,1873696045
2020-11-21,301.9248046875,304.7861633300781,256.6578063964844,258.8548889160156,5765585961
2020-11-22,286.993408203125,309.3620910644531,274.7089538574219,301.9248046875,4952111958
2020-11-23,323.02581787109375,323.2681884765625,282.40460205078125,286.9934997558594,5309099342
2020-11-24,345.6051330566406,367.95147705078125,321.1747131347656,323.01336669921875,7685446495
2020-11-25,312.7775573730469,359.43634033203125,303.4083557128906,345.6124572753906,5131050362
2020-11-26,270.5107421875,319.1404113769531,253.28302001953125,312.63946533203125,4922338888
2020-11-27,264.955322265625,278.24786376953125,258.0349426269531,270.5850524902344,2947138216
2020-11-28,275.5712890625,282.5597839355469,261.72296142578125,264.9892578125,2623903532
2020-11-29,283.9314880371094,287.1052551269531,272.07269287109375,275.5788879394531,2155292211
2020-11-30,316.4201965332031,320.9718933105469,280.3443603515625,283.9219970703125,3892204636
2020-12-01,288.1358337402344,319.7706604003906,280.1039733886719,316.4772033691406,4197968842
2020-12-02,294.2510681152344,297.04595947265625,282.099853515625,288.16644287109375,2654055892
2020-12-03,292.29534912109375,296.5300598144531,286.10101318359375,294.2743225097656,1932456432
2020-12-04,280.70806884765625,305.7475280761719,278.5524597167969,292.29412841796875,2806192319
2020-12-05,289.30859375,289.30859375,275.8024597167969,280.6681213378906,1781606883
2020-12-06,286.3561096191406,292.5212097167969,279.8818054199219,289.3179626464844,1662530478
2020-12-07,283.89471435546875,290.1484680175781,281.46807861328125,286.33953857421875,1571228768
2020-12-08,267.5484619140625,284.8860778808594,264.4652099609375,283.9101257324219,1804265825
2020-12-09,268.7099609375,270.97979736328125,255.86984252929688,267.5394287109375,2258287289
2020-12-10,265.9806823730469,269.13421630859375,261.66925048828125,268.6971740722656,1528530540
2020-12-11,259.3310241699219,265.9986267089844,256.43603515625,265.9986267089844,1988724958
2020-12-12,267.7145690917969,269.4638671875,258.6286315917969,259.3074951171875,1470417816
2020-12-13,275.3485107421875,281.9243469238281,266.0721740722656,267.7286682128906,1616017414
2020-12-14,276.5531005859375,279.29339599609375,266.5326843261719,275.3780212402344,1523697597
2020-12-15,288.3943786621094,298.4612121582031,271.6976318359375,276.56610107421875,2965318993
2020-12-16,311.4190368652344,311.5431823730469,282.7483215332031,288.43255615234375,3505656634
2020-12-17,310.30157470703125,329.8841552734375,303.9455871582031,311.4464416503906,5145542717
2020-12-18,312.7794494628906,322.0729675292969,305.3356018066406,310.3442687988281,3694943234
2020-12-19,318.2479248046875,324.759033203125,309.7771911621094,312.778564453125,3474653628
2020-12-20,348.1605529785156,366.9736633300781,311.728515625,318.23382568359375,6066519346
2020-12-21,314.4889221191406,378.174072265625,311.1714782714844,348.31982421875,7569828152
2020-12-22,323.8865051269531,323.8865051269531,301.1921081542969,314.3949279785156,5764317548
2020-12-23,274.1484069824219,325.4528503417969,267.860595703125,323.7718811035156,6488304103
2020-12-24,296.282958984375,298.0606689453125,272.32623291015625,274.2387390136719,5354778111
2020-12-25,318.3423156738281,323.9441833496094,293.63720703125,296.2924499511719,5540322692
2020-12-26,322.82989501953125,329.18768310546875,310.955810546875,318.3840026855469,5382110131
2020-12-27,338.1799621582031,362.2679443359375,313.5496826171875,322.85772705078125,7057534742
2020-12-28,362.092041015625,374.88568115234375,337.1722106933594,338.3069763183594,6323801331
2020-12-29,353.09063720703125,365.52496337890625,331.9072265625,362.0867004394531,5332139475
2020-12-30,358.8080139160156,365.0576171875,342.96136474609375,353.1101989746094,4985121425
2020-12-31,343.0526428222656,361.00323486328125,336.80621337890625,358.76849365234375,3783477587
2021-01-01,341.98565673828125,354.826416015625,334.5606384277344,342.9797668457031,3490086847
2021-01-02,354.5999450683594,365.39056396484375,334.5691833496094,342.02667236328125,4608719269
2021-01-03,421.78985595703125,433.0190734863281,354.6509094238281,354.6509094238281,7273123207
2021-01-04,407.9369201660156,462.2045593261719,387.91180419921875,422.0662536621094,8597472426
2021-01-05,419.76812744140625,426.37701416015625,393.8099670410156,407.9645080566406,6465746424
2021-01-06,454.484130859375,456.970947265625,413.5553283691406,419.81134033203125,6501368134
2021-01-07,449.5687255859375,482.8439636230469,432.8406677246094,454.4713134765625,8115564128
2021-01-08,441.0582275390625,453.6304931640625,409.35125732421875,449.59490966796875,8384177380
2021-01-09,573.911376953125,587.8895263671875,420.3533935546875,440.986083984375,11980066195
2021-01-10,603.5962524414062,629.8012084960938,557.8359375,574.3733520507812,18670984544
2021-01-11,479.58734130859375,603.72705078125,407.0301818847656,603.72705078125,15256193289
2021-01-12,450.2796630859375,510.6044006347656,446.114013671875,479.279296875,8994820907
2021-01-13,495.7847595214844,499.6568908691406,438.0456848144531,450.38739013671875,6997508555
2021-01-14,526.3295288085938,537.53125,485.843994140625,495.8061828613281,7008145988
2021-01-15,492.58984375,533.6465454101562,457.6026611328125,526.4756469726562,7258747674
2021-01-16,490.98162841796875,513.4317626953125,475.6581115722656,492.50225830078125,6303545655
2021-01-17,478.7698059082031,495.1344909667969,463.6385498046875,490.9681701660156,4635690838
2021-01-18,510.4153137207031,513.7310791015625,470.6421203613281,478.81085205078125,4495156814
2021-01-19,511.072265625,547.0870361328125,503.82293701171875,510.4017333984375,6415459721
2021-01-20,499.3244934082031,517.6112060546875,474.0353088378906,510.8137512207031,6103579197
2021-01-21,419.58514404296875,499.2824401855469,407.8289489746094,499.2824401855469,6318951662
2021-01-22,441.5264892578125,450.0270080566406,396.0233154296875,419.467041015625,5739209371
2021-01-23,431.5047302246094,443.8301086425781,420.107666015625,441.27423095703125,4073070097
2021-01-24,440.10333251953125,448.7325134277344,424.00152587890625,431.46331787109375,3869930797
2021-01-25,433.802490234375,464.2228088378906,432.68011474609375,440.0459289550781,5168935996
2021-01-26,428.0443420410156,437.9620666503906,415.1179504394531,433.7289733886719,5549601374
2021-01-27,378.0301513671875,428.3438415527344,371.1024169921875,428.0255126953125,6484712952
2021-01-28,405.3744812011719,413.4749450683594,372.3145751953125,378.0505065917969,4670394866
2021-01-29,407.5032958984375,432.3170166015625,392.32403564453125,414.4378662109375,7763515865
2021-01-30,414.9421081542969,417.1929016113281,392.9413146972656,407.4646301269531,5032998555
2021-01-31,399.7699279785156,416.16986083984375,391.73895263671875,415.04669189453125,3699019612
2021-02-01,414.02044677734375,442.40625,390.40966796875,399.76007080078125,5447738736
2021-02-02,430.15142822265625,434.1317138671875,411.0784912109375,414.03265380859375,4782082014
2021-02-03,444.8460693359375,448.1360778808594,430.15045166015625,430.15045166015625,4916862940
2021-02-04,420.81964111328125,453.8891906738281,414.0311584472656,444.89776611328125,4820122971
2021-02-05,446.4588928222656,447.7751770019531,419.2603454589844,420.7950744628906,4151940175
2021-02-06,457.6355895996094,488.3994445800781,445.19183349609375,446.5007019042969,7376227692
2021-02-07,445.169677734375,462.78289794921875,430.3152770996094,457.59393310546875,5588458731
2021-02-08,483.7041320800781,485.83074951171875,437.0635986328125,445.0782775878906,6169936503
2021-02-09,513.53271484375,516.5474243164062,475.2855224609375,483.6850891113281,7367014754
2021-02-10,494.9677734375,532.6586303710938,471.5221252441406,513.4469604492188,7763853779
2021-02-11,529.7373657226562,538.8411865234375,491.18731689453125,494.86700439453125,6776342962
2021-02-12,577.6043090820312,578.0996704101562,514.3463134765625,529.597412109375,7486531853
2021-02-13,663.6793823242188,664.9744873046875,546.2411499023438,577.552978515625,10843656790
2021-02-14,724.0156860351562,744.558349609375,652.9368286132812,663.9490356445312,14673194771
2021-02-15,712.4305419921875,767.510009765625,622.7515869140625,723.8924560546875,15323317081
2021-02-16,707.29150390625,743.4058837890625,672.8810424804688,712.1409912109375,10739148111
2021-02-17,716.6982421875,726.0665283203125,678.7186889648438,707.302734375,8767701437
2021-02-18,705.9884643554688,727.3994140625,692.5198974609375,716.6647338867188,4289327501
2021-02-19,720.8218994140625,740.1603393554688,684.864013671875,706.0059204101562,5251329016
2021-02-20,682.1824340820312,748.7716674804688,637.5999755859375,720.7059326171875,6495825727
2021-02-21,707.5924072265625,735.3334350585938,668.6373901367188,681.8699951171875,5369155548
2021-02-22,630.349853515625,708.534423828125,545.1495971679688,707.5281372070312,7444078951
2021-02-23,513.1873779296875,630.45166015625,417.3163757324219,630.2363891601562,8300802305
2021-02-24,527.0413818359375,555.8158569335938,498.7773132324219,513.5601196289062,5749984570
2021-02-25,496.91265869140625,555.2872924804688,496.91265869140625,527.0341186523438,4752439090
2021-02-26,484.5122375488281,506.2991638183594,460.4843444824219,497.3074645996094,5217285976
2021-02-27,483.7453308105469,501.2745056152344,475.10772705078125,484.5824890136719,3648759169
2021-02-28,459.91448974609375,485.2208251953125,436.7429504394531,483.7192077636719,4580690977
2021-03-01,500.9513854980469,506.0074157714844,458.7641906738281,459.95587158203125,3643964253
2021-03-02,517.01416015625,548.0911865234375,494.74871826171875,500.84326171875,4725184970
2021-03-03,523.5786743164062,554.6848754882812,512.7159423828125,517.0370483398438,3715621944
2021-03-04,506.8732604980469,537.8633422851562,495.01763916015625,523.490234375,3715844937
2021-03-05,498.98980712890625,506.8157653808594,474.8704833984375,506.8157653808594,3088964788
2021-03-06,501.21270751953125,505.0645446777344,484.0196228027344,498.91357421875,2326475343
2021-03-07,516.1735229492188,517.9140014648438,500.79766845703125,501.22882080078125,2256359240
2021-03-08,528.9968872070312,528.9968872070312,502.26275634765625,516.1818237304688,2792447504
2021-03-09,545.0260009765625,546.5261840820312,524.4879760742188,529.0134887695312,2777424542
2021-03-10,546.839599609375,566.9415893554688,519.5401000976562,545.0299682617188,3942104355
2021-03-11,549.783203125,562.5151977539062,532.0155639648438,546.69677734375,4102967092
2021-03-12,539.2164916992188,562.4541015625,515.4931640625,549.8158569335938,4017236783
2021-03-13,596.2348022460938,607.0723876953125,522.9424438476562,539.2444458007812,4596011006
2021-03-14,557.757080078125,601.4309692382812,557.757080078125,596.0801391601562,3841351549
2021-03-15,523.9347534179688,567.6666870117188,519.7533569335938,557.575439453125,3867342609
2021-03-16,528.1640014648438,537.9750366210938,505.4736328125,523.894775390625,3487143846
2021-03-17,540.8455200195312,540.8455200195312,513.7536010742188,528.1920166015625,2658649338
2021-03-18,529.7573852539062,546.605224609375,525.3865966796875,540.874267578125,2482168468
2021-03-19,535.1412353515625,550.2268676757812,519.77490234375,529.7051391601562,2257159270
2021-03-20,539.1375732421875,553.5346069335938,532.9406127929688,535.0819702148438,2007491933
2021-03-21,526.5610961914062,546.2089233398438,518.1304931640625,539.1220092773438,1943933987
2021-03-22,513.3392333984375,540.3701782226562,512.01953125,526.60302734375,2541092748
2021-03-23,516.253173828125,536.6996459960938,511.6033630371094,513.4077758789062,2812731005
2021-03-24,480.1233215332031,532.3841552734375,461.5792236328125,516.1734008789062,2544422048
2021-03-25,478.2922058105469,485.1078796386719,460.6235046386719,480.02423095703125,2428634157
2021-03-26,509.0152893066406,510.2479248046875,475.3696594238281,478.210693359375,2244829965
2021-03-27,503.6587829589844,512.13037109375,490.59136962890625,509.0176696777344,1806636009
2021-03-28,501.00360107421875,508.330322265625,494.22003173828125,503.6591796875,1929011914
2021-03-29,520.6358032226562,525.8928833007812,496.1830139160156,500.9342956542969,2112034391
2021-03-30,527.6982421875,537.111328125,514.731201171875,520.620361328125,2059097801
2021-03-31,543.2378540039062,546.30078125,509.53271484375,527.7657470703125,3098623015
2021-04-01,561.6582641601562,563.753173828125,533.9468994140625,543.2572021484375,3271470706
2021-04-02,585.7074584960938,602.216552734375,551.8328857421875,561.5902099609375,3469842740
2021-04-03,536.6788330078125,598.5073852539062,536.6760864257812,585.6561279296875,3188458792
2021-04-04,566.5130615234375,568.2909545898438,532.04833984375,536.5737915039062,2212661584
2021-04-05,648.5609741210938,648.5609741210938,562.1622314453125,566.6402587890625,4920959551
2021-04-06,667.7485961914062,677.270263671875,626.131591796875,649.078857421875,5604369783
2021-04-07,618.5975341796875,697.1884155273438,601.8906860351562,667.3567504882812,6575528211
2021-04-08,647.5640869140625,647.6471557617188,613.7723388671875,619.0540161132812,3400288881
2021-04-09,635.7067260742188,651.7200317382812,630.7730102539062,647.5924682617188,2599328081
2021-04-10,673.9575805664062,685.5093994140625,630.3269653320312,635.4577026367188,3288833580
2021-04-11,696.6084594726562,718.5927124023438,675.5234375,676.87841796875,3830293616
2021-04-12,674.7862548828125,698.5848388671875,657.9900512695312,694.9053344726562,2934933652
2021-04-13,746.8653564453125,752.53076171875,670.9566650390625,674.6181030273438,4536646606
2021-04-14,818.7034301757812,846.2385864257812,746.9727783203125,746.9727783203125,7265770869
2021-04-15,868.155517578125,878.1765747070312,801.1557006835938,816.70166015625,5161090414
2021-04-16,1110.654296875,1170.7347412109375,827.9777221679688,866.6513061523438,13562048894
2021-04-17,1006.32421875,1208.586181640625,1005.7356567382812,1107.8419189453125,11342338922
2021-04-18,965.6826171875,1024.783447265625,833.9827270507812,1003.9636840820312,11408448671
2021-04-19,894.1287231445312,1038.072021484375,877.4013061523438,971.877685546875,8210144054
2021-04-20,940.9869384765625,967.5877075195312,833.9789428710938,891.2747192382812,8030877946
2021-04-21,913.90576171875,996.2236938476562,902.4186401367188,942.3489379882812,6416416471
2021-04-22,854.0779418945312,969.8778686523438,845.3306884765625,910.7542114257812,6610919178
2021-04-23,838.8472290039062,872.4712524414062,697.4628295898438,854.8743286132812,7204033430
2021-04-24,769.1758422851562,840.376708984375,752.1008911132812,840.376708984375,3509395352
2021-04-25,757.708740234375,804.5589599609375,720.9862060546875,770.97998046875,3257040348
2021-04-26,849.4700927734375,850.1695556640625,753.5380859375,759.281005859375,3760438246
2021-04-27,887.862548828125,891.011962890625,833.593994140625,849.8477783203125,3620498787
2021-04-28,909.8458251953125,928.2164306640625,853.8976440429688,889.720703125,3864350281
2021-04-29,880.6653442382812,913.1482543945312,861.106689453125,910.4840698242188,2631715599
2021-04-30,993.4256591796875,999.5653686523438,870.935302734375,880.7796020507812,3816064836
2021-05-01,1005.080078125,1030.10693359375,977.5697631835938,995.3594360351562,3302890217
2021-05-02,974.6554565429688,1009.0420532226562,955.5432739257812,1004.1727294921875,2712905992
2021-05-03,1017.2999877929688,1046.244873046875,973.1134033203125,974.3008422851562,3514913500
2021-05-04,955.1824340820312,1053.06689453125,935.9276733398438,1016.9843139648438,5581505479
2021-05-05,1454.93505859375,1474.2880859375,942.0247802734375,951.869384765625,14081332554
2021-05-06,1505.7657470703125,1597.6549072265625,1275.957275390625,1454.4903564453125,14871286058
2021-05-07,1343.2474365234375,1509.1109619140625,1279.020751953125,1509.1109619140625,9450311296
2021-05-08,1402.3680419921875,1444.7283935546875,1325.1710205078125,1342.436767578125,7091316071
2021-05-09,1428.52880859375,1428.52880859375,1289.4678955078125,1398.5516357421875,5982135477
2021-05-10,1321.401123046875,1565.984375,1239.093505859375,1427.7679443359375,9778335896
2021-05-11,1542.425048828125,1547.425048828125,1305.3013916015625,1321.5760498046875,8507115276
2021-05-12,1209.806884765625,1635.1495361328125,1209.806884765625,1549.2320556640625,8940812629
2021-05-13,1251.692138671875,1342.406005859375,1138.836181640625,1237.9580078125,9987052496
2021-05-14,1298.664794921875,1358.966064453125,1227.956298828125,1255.058349609375,5514988209
2021-05-15,1170.348388671875,1331.10595703125,1166.7166748046875,1298.5604248046875,5304828008
2021-05-16,1168.72900390625,1279.673095703125,1101.8212890625,1171.168212890625,5122033903
2021-05-17,1068.6568603515625,1169.2037353515625,992.3115844726562,1166.7611083984375,6580396012
2021-05-18,1091.5501708984375,1167.2266845703125,1057.422119140625,1068.7489013671875,4635705785
2021-05-19,706.7958374023438,1110.525634765625,507.7298278808594,1093.3572998046875,10094456486
2021-05-20,821.6005249023438,862.993408203125,622.5455322265625,698.481689453125,8035772953
2021-05-21,687.9571533203125,852.1097412109375,608.1994018554688,819.837158203125,7998797485
2021-05-22,631.7822265625,720.3219604492188,604.669189453125,689.6707763671875,5302068385
2021-05-23,556.1397705078125,660.4301147460938,469.72705078125,631.4146118164062,6340421631
2021-05-24,748.4216918945312,758.5371704101562,540.7056884765625,554.3440551757812,5693828648
2021-05-25,719.9478149414062,788.4690551757812,673.547119140625,752.50341796875,5635417781
2021-05-26,765.048828125,787.7767944335938,709.1707153320312,720.5208129882812,3804200045
2021-05-27,745.955078125,806.7064208984375,702.633056640625,764.8363647460938,3539930955
2021-05-28,689.9478759765625,761.5265502929688,655.0435180664062,749.4917602539062,4381620234
2021-05-29,651.5799560546875,721.3099975585938,619.981201171875,689.5534057617188,3431855859
2021-05-30,663.5120239257812,687.3419189453125,619.0180053710938,651.9098510742188,2530933937
2021-05-31,703.882568359375,710.571044921875,637.130615234375,662.7338256835938,2736460092
2021-06-01,691.4038696289062,720.8492431640625,670.5065307617188,703.40185546875,2680399959
2021-06-02,697.9129638671875,715.1097412109375,675.8762817382812,691.1810302734375,2085428216
2021-06-03,718.4481811523438,734.9953002929688,689.205810546875,698.24365234375,2286280619
2021-06-04,671.13916015625,719.5374145507812,645.6582641601562,719.24560546875,2533308529
2021-06-05,649.4383544921875,688.8902587890625,636.7320556640625,671.6312255859375,2116275969
2021-06-06,657.4957275390625,669.59423828125,646.3995361328125,649.7618408203125,1506122550
2021-06-07,596.077880859375,670.2244873046875,594.2360229492188,656.8709716796875,1905638841
2021-06-08,597.09228515625,604.3988647460938,545.1808471679688,596.8394165039062,2877121838
2021-06-09,633.1434936523438,634.634521484375,567.7802124023438,596.0902099609375,2424388228
2021-06-10,602.8461303710938,638.7239379882812,591.91015625,633.9471435546875,1940156625
2021-06-11,578.2715454101562,611.405029296875,571.8099975585938,602.6116333007812,1715350886
2021-06-12,580.5331420898438,589.9786987304688,549.8956909179688,578.7503051757812,1786736797
2021-06-13,614.3549194335938,615.1343994140625,560.099853515625,580.4896240234375,1578903640
2021-06-14,625.3695068359375,640.246337890625,600.4496459960938,613.8494262695312,1552154786
2021-06-15,639.20458984375,649.8994750976562,617.982421875,637.4489135742188,1736113953
2021-06-16,593.046630859375,628.0631713867188,591.1793212890625,628.0631713867188,1629936616
2021-06-17,599.35791015625,620.4916381835938,585.6542358398438,593.2911376953125,1426459812
2021-06-18,563.2868041992188,599.7035522460938,546.919189453125,599.7035522460938,1642573263
2021-06-19,554.896728515625,581.6277465820312,553.4807739257812,563.9763793945312,1287962730
2021-06-20,557.5296020507812,561.1050415039062,516.1603393554688,553.9019165039062,1468001206
2021-06-21,456.29345703125,559.435302734375,455.37518310546875,556.5131225585938,2170476053
2021-06-22,443.78326416015625,476.1463928222656,390.0023498535156,455.7373962402344,2651277002
2021-06-23,469.3756408691406,485.89263916015625,430.0447998046875,444.24334716796875,1925034930
2021-06-24,486.2078857421875,495.9580078125,457.01165771484375,473.3774719238281,1423583436
2021-06-25,451.91815185546875,496.77685546875,450.06427001953125,487.1156005859375,1625824115
2021-06-26,458.77618408203125,463.96429443359375,429.425537109375,450.74456787109375,1549850152
2021-06-27,476.8872985839844,477.91693115234375,447.8674011230469,459.3374328613281,1445433765
2021-06-28,500.6705627441406,516.4507446289062,473.36810302734375,477.5481872558594,1466070100
2021-06-29,522.2713623046875,546.6151123046875,500.38763427734375,501.2427673339844,1747410969
2021-06-30,526.2958374023438,533.6823120117188,499.3426208496094,523.6981201171875,1693524407
2021-07-01,498.1935729980469,526.4202270507812,487.2961120605469,526.4202270507812,1766801086
2021-07-02,496.3497619628906,503.97015380859375,476.85284423828125,496.7327880859375,1204691392
2021-07-03,505.3199768066406,514.3199462890625,489.528564453125,496.1561584472656,1158357445
2021-07-04,526.4296875,539.7749633789062,495.9254150390625,505.2237854003906,1413797953
2021-07-05,505.0554504394531,526.8648681640625,490.6242370605469,526.767578125,1522255823
2021-07-06,511.6671142578125,525.4853515625,500.9181823730469,504.8183288574219,1393837450
2021-07-07,508.8645324707031,537.0830688476562,505.7569885253906,511.52667236328125,1584424878
2021-07-08,490.9910583496094,510.511962890625,481.0323181152344,509.7150573730469,1592605743
2021-07-09,504.06298828125,509.75445556640625,472.18756103515625,490.35137939453125,1339952027
2021-07-10,497.4999694824219,510.88427734375,485.4723815917969,504.2683410644531,1170722352
2021-07-11,498.2137145996094,503.6387634277344,490.32861328125,497.2193298339844,1157460252
2021-07-12,480.8447570800781,508.2068176269531,472.29229736328125,498.3797607421875,1336050112
2021-07-13,465.4149169921875,484.7972106933594,460.94415283203125,480.5673828125,1075661865
2021-07-14,467.7268371582031,477.846923828125,445.82159423828125,465.61328125,1264474725
2021-07-15,454.63360595703125,473.8235778808594,445.1778259277344,467.7589416503906,1424146487
2021-07-16,439.78277587890625,464.465576171875,438.4013366699219,455.2224426269531,1359916782
2021-07-17,437.03759765625,446.8995361328125,432.3944396972656,439.2149658203125,1235721953
2021-07-18,439.6506042480469,453.0492248535156,434.5421142578125,437.0848083496094,1210002751
2021-07-19,415.69140625,442.2355041503906,414.6778564453125,439.1085510253906,1131995857
2021-07-20,399.57098388671875,422.0052185058594,386.1447448730469,415.88677978515625,1262285193
2021-07-21,430.4355163574219,435.8940124511719,393.3758850097656,399.27716064453125,1201512019
2021-07-22,442.82257080078125,445.6720275878906,425.517822265625,430.94781494140625,1052930154
2021-07-23,455.7831726074219,456.4286193847656,432.89862060546875,442.96990966796875,1029413293
2021-07-24,460.14727783203125,464.9192810058594,451.8680114746094,455.6173095703125,999410253
2021-07-25,456.024658203125,460.6368103027344,442.8647155761719,460.0778503417969,1073715842
2021-07-26,482.88330078125,517.5814208984375,454.7943115234375,456.1484375,2193059616
2021-07-27,502.295166015625,504.26904296875,468.7547607421875,482.1846008300781,2011970102
2021-07-28,510.1445007324219,518.85302734375,492.1509704589844,502.95684814453125,2185235852
2021-07-29,538.3031616210938,546.4711303710938,500.83001708984375,511.2890319824219,2034974540
2021-07-30,552.7387084960938,553.0267333984375,519.2069091796875,538.4918212890625,1984238398
2021-07-31,547.8032836914062,556.7880249023438,537.7514038085938,552.5953979492188,1666655419
2021-08-01,527.8416137695312,562.9428100585938,520.3663940429688,546.7240600585938,1984049270
2021-08-02,543.9884643554688,564.8043823242188,521.3133544921875,526.8713989257812,2135592385
2021-08-03,536.9937133789062,551.3377685546875,523.5277709960938,543.6490478515625,1987312144
2021-08-04,545.9660034179688,550.7243041992188,525.5243530273438,537.4260864257812,1831281602
2021-08-05,548.59814453125,550.5103759765625,524.000732421875,545.665771484375,2062386765
2021-08-06,556.4429321289062,560.5555419921875,537.6621704101562,548.5424194335938,2137867461
2021-08-07,583.125732421875,589.7503662109375,554.2565307617188,557.0947875976562,2381262602
2021-08-08,556.0963134765625,589.0052490234375,555.2918090820312,583.7606811523438,2176765949
2021-08-09,592.4888305664062,600.4196166992188,544.18603515625,556.1732788085938,2159473227
2021-08-10,592.3838500976562,606.206787109375,574.5298461914062,592.0315551757812,2207047184
2021-08-11,621.1851196289062,632.2290649414062,591.05419921875,592.4083862304688,2506001502
2021-08-12,605.0075073242188,648.22412109375,593.17236328125,621.0477905273438,2504663932
2021-08-13,653.95849609375,654.2623901367188,602.1204223632812,606.1061401367188,2308779003
2021-08-14,689.1148681640625,689.5960693359375,644.8167114257812,654.2990112304688,2487216105
2021-08-15,703.1863403320312,707.3980102539062,673.8369140625,691.156005859375,2770993903
2021-08-16,675.8545532226562,713.665283203125,673.8261108398438,703.2467041015625,2672034530
2021-08-17,638.80126953125,689.8093872070312,638.1257934570312,673.8102416992188,2753953258
2021-08-18,634.432861328125,653.604248046875,622.0503540039062,638.646484375,2747890861
2021-08-19,658.8883056640625,658.8883056640625,620.0689086914062,633.2189331054688,2852343347
2021-08-20,693.681640625,699.1278076171875,652.8930053710938,658.7894287109375,3133794878
2021-08-21,676.0634155273438,699.630615234375,671.6244506835938,693.8250732421875,2947054369
2021-08-22,672.6182861328125,688.953125,654.2988891601562,676.2142944335938,2480660732
2021-08-23,677.7103271484375,693.4780883789062,664.51953125,672.67236328125,3007106551
2021-08-24,637.4052734375,682.6373901367188,635.8792724609375,678.6522827148438,2690364538
2021-08-25,649.3145141601562,657.5452880859375,628.3580322265625,637.7603149414062,3075170891
2021-08-26,607.3994750976562,655.3074951171875,607.16259765625,650.5968017578125,3163076919
2021-08-27,635.2657470703125,635.4520263671875,598.5211791992188,607.429931640625,3101930692
2021-08-28,647.2998046875,647.2998046875,623.559326171875,635.486328125,3068367305
2021-08-29,660.1724853515625,690.8690795898438,647.4337768554688,647.4337768554688,3005005852
2021-08-30,631.6580200195312,664.5089721679688,631.6288452148438,660.0602416992188,3031651589
2021-08-31,636.7659912109375,651.252685546875,625.0663452148438,631.8507690429688,3166346774
2021-09-01,656.8170776367188,656.8170776367188,626.5117797851562,637.1498413085938,3115775778
2021-09-02,664.8388671875,673.7323608398438,654.9188842773438,656.8677978515625,3308862260
2021-09-03,712.818359375,720.8145751953125,652.6405029296875,664.7706909179688,3868119875
2021-09-04,709.5724487304688,732.423583984375,698.1464233398438,712.6755981445312,2791338601
2021-09-05,764.1975708007812,765.436767578125,699.8557739257812,709.1822509765625,3208380108
2021-09-06,784.366455078125,801.4947509765625,742.3150024414062,764.6607666015625,3580462743
2021-09-07,672.2505493164062,787.0787963867188,596.7484741210938,784.226806640625,4539086316
2021-09-08,662.1929931640625,679.6211547851562,645.4343872070312,672.5396728515625,4477362994
2021-09-09,661.2267456054688,672.8951416015625,657.0098876953125,659.6600341796875,4413138790
2021-09-10,629.4200439453125,673.4174194335938,620.4895629882812,661.1390991210938,4593607596
2021-09-11,635.8800659179688,647.3690185546875,627.1976928710938,629.4466552734375,5450251190
2021-09-12,647.3294677734375,654.80615234375,624.7405395507812,635.8211059570312,5486288261
2021-09-13,615.1316528320312,657.1128540039062,596.707763671875,647.3291015625,6132533806
2021-09-14,639.9652099609375,642.188232421875,610.4279174804688,615.1878051757812,5643937431
2021-09-15,652.4776611328125,656.120361328125,633.6305541992188,640.01611328125,5267523341
2021-09-16,639.5713500976562,654.2667846679688,630.1121215820312,652.2161865234375,5327212613
2021-09-17,620.557861328125,647.0643310546875,614.6449584960938,639.6306762695312,5654219771
2021-09-18,630.2152709960938,637.3154296875,615.9144287109375,620.546875,5596309163
2021-09-19,609.2835083007812,646.6809692382812,604.978515625,630.304443359375,5805970653
2021-09-20,540.8760986328125,609.2566528320312,534.1204833984375,609.237548828125,6259395359
2021-09-21,504.0189514160156,551.8342895507812,499.4041748046875,542.614013671875,5960134012
2021-09-22,547.6450805664062,547.6450805664062,497.69073486328125,503.8218994140625,5552515723
2021-09-23,552.3037719726562,553.2644653320312,534.0375366210938,547.5657348632812,5454592394
2021-09-24,513.6057739257812,555.3814697265625,483.0015563964844,552.4215087890625,5724596256
2021-09-25,517.8965454101562,522.4804077148438,503.3245849609375,513.7374267578125,5083616990
2021-09-26,503.66741943359375,518.5611572265625,482.24560546875,517.896728515625,5773227295
2021-09-27,489.0119323730469,515.192626953125,488.82470703125,503.9295349121094,5464519283
2021-09-28,474.5220031738281,499.2173767089844,473.2707824707031,488.8280029296875,1295622291
2021-09-29,485.41998291015625,497.2633056640625,472.265625,474.83331298828125,1087541063
2021-09-30,502.5036315917969,505.7545166015625,482.56219482421875,485.2820129394531,1168391225
2021-10-01,543.302734375,544.8140258789062,501.22039794921875,502.8520812988281,1204656913
2021-10-02,552.6283569335938,560.0099487304688,537.212646484375,543.6395874023438,1052899621
2021-10-03,570.4993286132812,578.4563598632812,545.6220703125,552.5328979492188,1336434935
2021-10-04,551.5970458984375,571.0426025390625,534.0560913085938,571.0426025390625,1278357308
2021-10-05,594.0425415039062,599.6044921875,549.753173828125,551.02294921875,1197469914
2021-10-06,618.7408447265625,624.7935180664062,563.388916015625,594.7125244140625,1778433548
2021-10-07,612.15673828125,634.218017578125,599.4169311523438,617.4456176757812,1512650547
2021-10-08,595.7726440429688,617.0116577148438,590.0999755859375,611.3931884765625,1241653777
2021-10-09,614.4834594726562,623.489013671875,592.9171142578125,595.9883422851562,1160530389
2021-10-10,586.6426391601562,622.333740234375,584.3057861328125,614.8944702148438,1215424338
2021-10-11,601.8111572265625,617.5758666992188,581.1066284179688,586.1339111328125,1285140009
2021-10-12,587.449462890625,602.1004638671875,569.3594360351562,602.1004638671875,1295493392
2021-10-13,594.5084838867188,594.5084838867188,572.5851440429688,587.7376098632812,1224286953
2021-10-14,597.6168212890625,607.2581176757812,591.8446655273438,593.7015380859375,1128243790
2021-10-15,624.5038452148438,636.523681640625,586.2923583984375,598.7199096679688,1754209051
2021-10-16,626.3204956054688,646.348876953125,624.5023803710938,625.4146118164062,1345916541
2021-10-17,611.6915283203125,628.5509033203125,593.0745849609375,625.2628173828125,1101439670
2021-10-18,611.1658325195312,619.4867553710938,600.2850341796875,612.8544921875,1179982882
2021-10-19,619.0848999023438,624.5276489257812,601.8729858398438,611.5217895507812,1180856013
2021-10-20,644.3960571289062,648.3104248046875,606.3157958984375,618.8771362304688,1138643163
2021-10-21,623.7405395507812,655.6233520507812,621.7437133789062,644.6884155273438,1408405297
2021-10-22,623.5930786132812,636.9425659179688,613.9552612304688,623.4720458984375,1042106876
2021-10-23,629.4553833007812,636.7453002929688,616.6586303710938,623.6005859375,1064456581
2021-10-24,617.8567504882812,633.1553344726562,606.61376953125,629.5943603515625,1008042453
2021-10-25,621.6943359375,628.9171752929688,615.4833984375,617.6656494140625,1140962239
2021-10-26,611.6384887695312,631.3919677734375,602.4031982421875,621.5352172851562,1319150850
2021-10-27,549.0943603515625,618.8717651367188,542.3541259765625,611.921630859375,1579662843
2021-10-28,579.4688720703125,591.328369140625,545.9429931640625,549.1450805664062,1361300962
2021-10-29,593.519287109375,595.694091796875,575.5743408203125,579.0743408203125,1238115116
2021-10-30,584.8463745117188,599.8135375976562,578.387451171875,593.8712768554688,1454401650
2021-10-31,596.2386474609375,601.9669799804688,575.4000244140625,584.8793334960938,1330055653
2021-11-01,587.6728515625,599.212646484375,580.0928344726562,596.6649169921875,1208247148
2021-11-02,598.3413696289062,608.0208740234375,583.5462036132812,587.2838134765625,1047259623
2021-11-03,611.1063232421875,618.8587646484375,592.3659057617188,598.7095336914062,1450315021
2021-11-04,596.4094848632812,613.2819213867188,588.4388427734375,611.4177856445312,1284134827
2021-11-05,598.8560180664062,629.8613891601562,592.7810668945312,596.415283203125,1563407178
2021-11-06,589.2490234375,602.7744750976562,578.3321533203125,598.8544921875,1003134302
2021-11-07,600.8812866210938,600.9898071289062,587.5601806640625,588.7461547851562,915486512
2021-11-08,638.9419555664062,642.2825927734375,600.7612915039062,601.4351196289062,1557616519
2021-11-09,716.318603515625,729.9756469726562,637.7782592773438,638.924072265625,2451835311
2021-11-10,666.6940307617188,729.1342163085938,651.1315307617188,717.2832641601562,2306524746
2021-11-11,676.9935913085938,681.4469604492188,659.8367919921875,665.573486328125,1166042995
2021-11-12,668.2821655273438,683.9830322265625,647.467529296875,676.9334106445312,1390603001
2021-11-13,666.955810546875,670.5091552734375,655.612548828125,668.636962890625,875576329
2021-11-14,678.7428588867188,678.7594604492188,657.8456420898438,666.4622802734375,1109798292
2021-11-15,665.6408081054688,685.637939453125,665.6408081054688,679.3583984375,1036539475
2021-11-16,599.5039672851562,667.8172607421875,578.45703125,666.6874389648438,1665351794
2021-11-17,595.5667724609375,603.4840087890625,579.083984375,599.1385498046875,1196598256
2021-11-18,554.8060302734375,601.1182861328125,545.3870239257812,595.9006958007812,1352238674
2021-11-19,575.6010131835938,577.7923583984375,549.5670166015625,554.6311645507812,993087267
2021-11-20,584.3694458007812,587.47705078125,567.1513671875,575.4630126953125,975250027
2021-11-21,575.9271850585938,585.2957763671875,570.2495727539062,584.6728515625,1079459640
2021-11-22,557.3172607421875,577.0842895507812,550.3196411132812,575.5565185546875,1195242517
2021-11-23,571.2039794921875,575.4552612304688,548.1824340820312,557.5748901367188,1202306823
2021-11-24,559.1209716796875,619.0751953125,558.7168579101562,571.3513793945312,1209312711
2021-11-25,612.6768188476562,634.3695068359375,608.2313232421875,618.9609985351562,1346653274
2021-11-26,555.8290405273438,618.6910400390625,546.1338500976562,617.1558837890625,1679369323
2021-11-27,563.3384399414062,573.629150390625,555.8383178710938,556.6046752929688,857274434
2021-11-28,568.336181640625,568.4931030273438,537.4225463867188,563.3709716796875,1185816551
2021-11-29,576.1217651367188,581.1881713867188,558.3505249023438,568.9203491210938,1091029159
2021-11-30,570.5296630859375,586.8980102539062,557.5282592773438,575.6511840820312,1170851665
2021-12-01,571.056884765625,587.0393676757812,565.7195434570312,569.9547729492188,876219332
2021-12-02,561.4506225585938,572.0972900390625,559.1774291992188,571.033203125,921618457
2021-12-03,532.3550415039062,567.537109375,526.2933959960938,562.0358276367188,1248790208
2021-12-04,473.8507995605469,533.978515625,354.55853271484375,533.3831787109375,2018999582
2021-12-05,453.4902648925781,478.35223388671875,436.66033935546875,473.4739074707031,1128258510
2021-12-06,475.75677490234375,480.6147766113281,421.8958740234375,453.6459045410156,1394987155
2021-12-07,475.1602783203125,500.0962219238281,465.2597351074219,476.1176452636719,1065693574
2021-12-08,480.8507080078125,487.0954284667969,464.2226867675781,474.89764404296875,1269638323
2021-12-09,449.4764404296875,483.14862060546875,449.4764404296875,480.0682678222656,1100303590
2021-12-10,439.27850341796875,468.2049865722656,438.0936584472656,449.5289611816406,1230197772
2021-12-11,459.7817687988281,461.339599609375,433.7149658203125,439.3554992675781,943322036
2021-12-12,458.7115783691406,462.77520751953125,443.0592956542969,459.3193054199219,677639381
2021-12-13,421.6638488769531,461.13507080078125,415.5772705078125,458.77227783203125,884428423
2021-12-14,424.4429626464844,441.66925048828125,419.6286926269531,421.8336181640625,966794262
2021-12-15,447.7202453613281,449.31201171875,417.52825927734375,437.1438903808594,5073381977
2021-12-16,438.5856628417969,453.0863342285156,437.87750244140625,447.7147521972656,5015506262
2021-12-17,425.8277282714844,441.0084533691406,418.86456298828125,438.5939636230469,4963631443
2021-12-18,436.0589599609375,438.7601623535156,419.87115478515625,425.845458984375,4875992191
2021-12-19,433.01910400390625,444.7205810546875,432.7292175292969,436.01617431640625,4907156810
2021-12-20,430.4444885253906,439.0173645019531,419.631103515625,433.03704833984375,5029758358
2021-12-21,438.41510009765625,440.47845458984375,427.5394592285156,430.3456726074219,4936279709
2021-12-22,438.3659973144531,446.3620910644531,435.384765625,438.4154357910156,4952883975
2021-12-23,455.4015197753906,457.7057189941406,435.3380126953125,438.3778991699219,5049111595
2021-12-24,451.6958923339844,460.9842529296875,449.8904113769531,455.47137451171875,5472891368
2021-12-25,456.433837890625,460.563232421875,448.2062683105469,451.65350341796875,4946110310
2021-12-26,452.2210998535156,456.439453125,445.4798583984375,456.439453125,5297110458
2021-12-27,465.2685241699219,475.5908508300781,448.5243225097656,452.1844787597656,5566545308
2021-12-28,439.571533203125,465.3140563964844,438.9371337890625,465.3140563964844,5492150458
2021-12-29,430.0830993652344,445.1114807128906,428.68603515625,439.47894287109375,5325244055
2021-12-30,431.5367431640625,436.7949523925781,425.0855712890625,430.1059875488281,5140380417
2021-12-31,430.6395568847656,436.74212646484375,421.2988586425781,431.56781005859375,5228424321
2022-01-01,444.4561767578125,445.12042236328125,430.4936218261719,430.698974609375,5200720289
2022-01-02,447.8326416015625,451.70733642578125,443.3173828125,444.42242431640625,5266233006
2022-01-03,434.94384765625,447.8177795410156,432.5278015136719,447.8177795410156,5175856851
2022-01-04,427.5243225097656,438.9859313964844,427.22998046875,434.9792785644531,5170910046
2022-01-05,401.572509765625,432.0910949707031,394.7982482910156,427.5313415527344,5222363057
2022-01-06,400.6392517089844,401.9890441894531,389.133056640625,401.5289306640625,4606482593
2022-01-07,386.0583190917969,400.7229309082031,378.25787353515625,400.5964050292969,5495287581
2022-01-08,374.2579650878906,390.9888916015625,365.2764587402344,386.0547790527344,4940762099
2022-01-09,377.10284423828125,380.7779541015625,369.9472961425781,374.2613525390625,4998528088
2022-01-10,364.0692138671875,378.14141845703125,350.5097961425781,377.1104431152344,5091316579
2022-01-11,369.83074951171875,374.38616943359375,362.8907775878906,364.064697265625,4883845879
2022-01-12,383.91363525390625,385.31512451171875,368.9432373046875,369.8577575683594,4878392863
2022-01-13,377.5850524902344,391.2665710449219,377.5850524902344,383.9088439941406,4820513787
2022-01-14,386.1727600097656,392.7408447265625,377.00518798828125,377.60809326171875,4865794221
2022-01-15,391.1540832519531,392.84881591796875,384.4070129394531,386.18988037109375,4761528715
2022-01-16,388.71160888671875,393.0111999511719,384.2950134277344,391.14361572265625,4738253300
2022-01-17,381.10382080078125,389.2840881347656,374.0353088378906,388.7239990234375,4688459028
2022-01-18,382.0470275878906,394.5392761230469,376.2998046875,381.0854797363281,4921110719
2022-01-19,370.5811767578125,384.1370849609375,367.4389343261719,382.05755615234375,4722885424
2022-01-20,358.10833740234375,383.70672607421875,358.033935546875,370.5032043457031,4652760962
2022-01-21,315.2086486816406,359.88275146484375,311.09954833984375,358.2214050292969,4998844753
2022-01-22,291.4414978027344,318.03399658203125,271.4568786621094,315.29010009765625,5502585985
2022-01-23,301.8079528808594,302.6041564941406,285.6424865722656,291.51531982421875,5029208794
2022-01-24,292.2291259765625,302.081787109375,262.5016784667969,301.8553771972656,5138719653
2022-01-25,292.23382568359375,294.0927429199219,285.4053955078125,292.208984375,4865661412
2022-01-26,289.95135498046875,312.758056640625,286.219482421875,292.1972961425781,4789506698
2022-01-27,289.5102844238281,293.70867919921875,279.4674072265625,289.8567199707031,4450566226
2022-01-28,296.7961120605469,296.8013916015625,282.9716491699219,289.46710205078125,4402414050
2022-01-29,298.87139892578125,301.1580505371094,292.78759765625,296.79400634765625,4549035847
2022-01-30,290.500732421875,301.1792297363281,288.5914306640625,298.9230651855469,4393440670
2022-01-31,285.5392761230469,290.51416015625,279.07098388671875,290.509033203125,4272814799
2022-02-01,288.1484375,290.81207275390625,283.4860534667969,285.5138854980469,4243564723
2022-02-02,278.5903625488281,296.18621826171875,278.2166442871094,288.1630554199219,4304273528
2022-02-03,279.9759216308594,279.9759216308594,271.9233093261719,278.5341796875,4185575167
2022-02-04,305.9831237792969,306.16510009765625,277.0716247558594,279.9513854980469,4426537277
2022-02-05,320.8785400390625,327.2886047363281,303.47772216796875,306.00537109375,4737535933
2022-02-06,325.0093688964844,327.67352294921875,315.5516357421875,320.8395080566406,4528068784
2022-02-07,342.7969055175781,343.30523681640625,319.2076721191406,325.00732421875,4714385327
2022-02-08,336.2540283203125,355.26422119140625,326.70709228515625,342.8682861328125,4364847778
2022-02-09,345.8336486816406,347.2877197265625,329.99285888671875,336.0909118652344,4141759132
2022-02-10,341.83203125,361.35870361328125,337.94122314453125,345.8537902832031,4400654964
2022-02-11,320.5527038574219,341.8083801269531,318.6541748046875,341.8083801269531,4306158732
2022-02-12,329.23687744140625,329.4959411621094,314.3369445800781,320.55828857421875,4371772668
2022-02-13,334.8714904785156,339.2978515625,325.9889831542969,329.2290344238281,4651844844
2022-02-14,331.33441162109375,336.77294921875,319.7787170410156,334.7078857421875,4680229530
2022-02-15,343.13092041015625,344.24432373046875,329.6686706542969,331.3029479980469,4570027807
2022-02-16,335.3616027832031,343.2312927246094,330.2479248046875,343.1346130371094,4573029120
2022-02-17,312.8161926269531,336.1327819824219,310.8101806640625,335.2455139160156,4504176872
2022-02-18,310.9779357910156,318.5943908691406,307.9739685058594,312.8958740234375,4360014643
2022-02-19,312.02392578125,315.8446044921875,306.6270751953125,310.95916748046875,4031413655
2022-02-20,303.1356201171875,312.1766052246094,298.14007568359375,312.025146484375,3986038360
2022-02-21,284.3456726074219,309.8935852050781,284.1423645019531,303.11456298828125,4150595974
2022-02-22,293.67535400390625,294.4523620605469,278.5992126464844,284.2998046875,4210903986
2022-02-23,289.308349609375,304.37713623046875,288.7298278808594,293.67156982421875,4235446247
2022-02-24,300.8105163574219,308.0292663574219,261.3431091308594,289.24725341796875,4611840938
2022-02-25,308.45904541015625,311.1617126464844,291.6392517089844,300.8159484863281,4214133332
2022-02-26,314.5308532714844,322.1429443359375,308.366943359375,308.45404052734375,4208615883
2022-02-27,304.1036071777344,320.5884704589844,301.48712158203125,314.5098571777344,4162542039
2022-02-28,337.12200927734375,337.12200927734375,301.50030517578125,304.10284423828125,4333237969
2022-03-01,328.23138427734375,342.29681396484375,322.3129577636719,337.1473388671875,4406526635
2022-03-02,320.4051513671875,330.6590881347656,318.8574523925781,328.24188232421875,4160551460
2022-03-03,315.1263122558594,321.2419128417969,307.0061950683594,320.4064025878906,3961075276
2022-03-04,289.9174499511719,315.1760559082031,287.5074462890625,315.1760559082031,3826939389
2022-03-05,293.9798583984375,294.9566955566406,285.64031982421875,290.0039978027344,3571444342
2022-03-06,283.0827941894531,295.8532409667969,283.0827941894531,294.0160827636719,3599409412
2022-03-07,274.9350891113281,290.431884765625,272.1178283691406,283.1036682128906,3644280854
2022-03-08,284.36962890625,288.90673828125,273.893798828125,274.90679931640625,3565673322
2022-03-09,308.3489074707031,316.09930419921875,284.38153076171875,284.401611328125,3604288416
2022-03-10,289.86834716796875,308.7500915527344,285.6387023925781,308.2718505859375,3301827584
2022-03-11,288.1972961425781,293.6310119628906,282.2691345214844,289.903564453125,3384249280
2022-03-12,291.20159912109375,293.79644775390625,288.0353698730469,288.1991882324219,3163131831
2022-03-13,280.4122314453125,295.2715759277344,280.0370788574219,291.1129150390625,3102894940
2022-03-14,289.5464782714844,289.5464782714844,278.7245788574219,280.3938903808594,3391951619
2022-03-15,289.6955261230469,292.1330261230469,282.5234375,289.527587890625,3416509695
2022-03-16,299.7217712402344,300.9913635253906,287.83892822265625,289.6859130859375,3493261441
2022-03-17,296.458740234375,300.35723876953125,294.953857421875,299.7149963378906,3089185447
2022-03-18,305.8638916015625,306.26458740234375,291.439208984375,296.4346923828125,3141982108
2022-03-19,327.6200866699219,327.6200866699219,305.6671447753906,305.8276672363281,3336760438
2022-03-20,326.9633483886719,331.2483215332031,317.392333984375,327.63763427734375,3504099063
2022-03-21,335.2315979003906,339.6693420410156,321.46246337890625,326.9395751953125,3775570531
2022-03-22,376.73681640625,384.0221862792969,334.7241516113281,335.19683837890625,4592700939
2022-03-23,364.30548095703125,382.5113220214844,355.1386413574219,376.73785400390625,3753713812
2022-03-24,366.1062927246094,366.9442443847656,352.90252685546875,364.2068176269531,4086604251
2022-03-25,364.74017333984375,372.9959716796875,354.19464111328125,366.119873046875,4801830925
2022-03-26,361.8934631347656,365.9286193847656,358.0115661621094,364.7374267578125,4447203979
2022-03-27,376.5374450683594,376.5453796386719,356.1440124511719,361.9129638671875,4528242763
2022-03-28,368.1392822265625,384.6416320800781,367.88214111328125,376.53729248046875,4895152714
2022-03-29,373.52996826171875,382.9936828613281,368.0021667480469,368.0021667480469,4628947859
2022-03-30,379.6378173828125,385.494873046875,364.674072265625,373.4966125488281,4659262272
2022-03-31,384.0443420410156,389.41424560546875,364.435791015625,379.6182861328125,5207447297
2022-04-01,376.88897705078125,388.40826416015625,365.1932373046875,384.133056640625,5038480562
2022-04-02,373.2934265136719,382.1118469238281,372.20806884765625,376.91839599609375,4929841413
2022-04-03,378.7779541015625,380.6925048828125,369.97283935546875,373.2005920410156,4788326043
2022-04-04,375.8177185058594,379.0590515136719,364.4338073730469,378.73211669921875,4842131038
2022-04-05,365.98480224609375,380.6648254394531,365.98480224609375,375.8760070800781,4831755832
2022-04-06,331.06793212890625,366.5812072753906,331.06793212890625,366.1181335449219,4693817841
2022-04-07,336.7745056152344,339.69671630859375,328.95379638671875,331.1391296386719,4313693588
2022-04-08,323.3428955078125,337.9695739746094,322.4564514160156,336.7394104003906,4279423040
2022-04-09,326.0784912109375,327.1612854003906,323.03765869140625,323.4515075683594,4086027568
2022-04-10,320.9402770996094,331.9846496582031,320.9402770996094,326.073486328125,4161265791
2022-04-11,294.7629699707031,320.9681396484375,292.248291015625,320.9681396484375,4116764653
2022-04-12,304.5862731933594,306.8673400878906,294.30072021484375,294.84259033203125,3232224320
2022-04-13,341.97601318359375,347.1517333984375,302.0919189453125,304.57855224609375,4640086854
2022-04-14,337.5608215332031,352.00177001953125,333.3792724609375,341.9194641113281,4518928223
2022-04-15,340.6129150390625,344.1576232910156,334.48291015625,337.5477600097656,4255742550
2022-04-16,343.1981506347656,346.595458984375,340.1876220703125,340.6186218261719,4186735944
2022-04-17,328.70330810546875,348.1711730957031,328.2963562011719,343.1590270996094,4209933062
2022-04-18,340.0191345214844,340.13873291015625,314.01715087890625,328.7154235839844,4178084902
2022-04-19,340.39520263671875,342.07427978515625,333.7303161621094,340.01690673828125,4216376808
2022-04-20,330.7242126464844,344.3811950683594,329.8896484375,340.3670654296875,4290468661
2022-04-21,315.8807067871094,344.4654541015625,314.1760559082031,330.7445068359375,4253223441
2022-04-22,320.96746826171875,333.2689208984375,315.1374206542969,315.9206848144531,4230621505
2022-04-23,313.4471435546875,322.3563537597656,313.4471435546875,320.9567565917969,3981089499
2022-04-24,308.1383972167969,314.4516906738281,308.1229248046875,313.4375,3915756766
2022-04-25,314.77447509765625,315.2762145996094,301.0441589355469,308.1613464355469,4339854924
2022-04-26,295.910400390625,321.27362060546875,293.759033203125,314.718017578125,4623962165
2022-04-27,307.33380126953125,308.77313232421875,294.97320556640625,295.92706298828125,4530909054
2022-04-28,306.7344055175781,311.8598937988281,303.9029541015625,307.30328369140625,4529814365
2022-04-29,294.709228515625,308.4897155761719,292.501708984375,306.7364501953125,4493805037
2022-04-30,278.66888427734375,297.3978576660156,273.4030456542969,294.6820983886719,4327964629
2022-05-01,284.4119873046875,287.123779296875,275.1846618652344,278.5876159667969,4136305101
2022-05-02,285.0909423828125,288.77410888671875,280.5032958984375,284.3893737792969,4223541712
2022-05-03,279.4828186035156,288.95782470703125,277.09857177734375,285.1055603027344,4189270453
2022-05-04,299.85614013671875,299.85614013671875,279.0277099609375,279.4761657714844,4249843095
2022-05-05,277.2933044433594,302.2406005859375,273.90277099609375,299.7738342285156,4043872451
2022-05-06,274.9815368652344,277.5096130371094,267.2474060058594,277.2726745605469,4076255396
2022-05-07,268.7116394042969,277.1395263671875,265.421875,274.9581604003906,3969336859
2022-05-08,261.7698059082031,269.1800537109375,260.5592346191406,268.6902160644531,3914963030
2022-05-09,221.99842834472656,265.9736328125,221.99842834472656,261.7798767089844,3936060796
2022-05-10,231.91481018066406,243.73402404785156,213.5845947265625,221.7211151123047,3859737063
2022-05-11,194.3667449951172,248.0335235595703,187.3526611328125,231.81019592285156,3953210175
2022-05-12,194.1725616455078,223.55630493164062,160.06703186035156,194.38613891601562,3584276078
2022-05-13,202.2874298095703,219.50782775878906,192.38258361816406,194.0931854248047,3636972858
2022-05-14,211.21719360351562,235.14346313476562,188.09188842773438,202.27560424804688,3521420797
2022-05-15,214.53973388671875,215.27967834472656,204.22402954101562,211.08657836914062,3413965388
2022-05-16,197.2950439453125,214.56582641601562,197.095947265625,214.52536010742188,3256557517
2022-05-17,206.68150329589844,212.22921752929688,196.87777709960938,197.2946014404297,3449664523
2022-05-18,188.02528381347656,208.4884033203125,188.02528381347656,206.67381286621094,3060637904
2022-05-19,196.5090789794922,197.90283203125,182.75726318359375,188.00985717773438,2923280282
2022-05-20,190.89602661132812,199.6910858154297,186.7371063232422,196.46939086914062,2828424951
2022-05-21,192.2581787109375,195.16111755371094,187.8426971435547,190.87637329101562,2643841413
2022-05-22,198.9332275390625,201.89329528808594,191.0601348876953,192.26966857910156,2711327936
2022-05-23,191.71287536621094,206.6263885498047,190.7355499267578,198.84584045410156,2902268797
2022-05-24,195.79901123046875,196.72628784179688,185.27638244628906,191.72715759277344,2488202440
2022-05-25,190.59967041015625,199.9034423828125,190.300537109375,195.77049255371094,2749192229
2022-05-26,181.01046752929688,192.41976928710938,174.7511444091797,190.607421875,2687101363
2022-05-27,174.08544921875,183.50697326660156,172.5823516845703,180.82005310058594,2403823662
2022-05-28,179.02490234375,179.71566772460938,173.69064331054688,176.13522338867188,2443184415
2022-05-29,185.31155395507812,185.54791259765625,176.2801971435547,178.9846649169922,2372355059
2022-05-30,196.80284118652344,197.12765502929688,184.9847412109375,185.28695678710938,2126028710
2022-05-31,203.65670776367188,206.28138732910156,192.97882080078125,196.7918701171875,2833067479
2022-06-01,186.33226013183594,208.09840393066406,185.76641845703125,203.7167205810547,2770365463
2022-06-02,189.00332641601562,189.4698486328125,183.72756958007812,186.33030700683594,2404656966
2022-06-03,183.2595977783203,191.07615661621094,181.04112243652344,189.01145935058594,2215340158
2022-06-04,188.62693786621094,189.28114318847656,180.7606201171875,183.28903198242188,2154747013
2022-06-05,180.0278778076172,189.80963134765625,179.81442260742188,188.64341735839844,2226194881
2022-06-06,185.79116821289062,188.61239624023438,179.88455200195312,179.99588012695312,2251990334
2022-06-07,182.37486267089844,187.6691436767578,173.82684326171875,185.7882080078125,2206363272
2022-06-08,177.0389862060547,182.739013671875,176.06307983398438,182.3709716796875,2155743341
2022-06-09,175.6043701171875,180.2599639892578,173.78866577148438,177.03231811523438,2090813873
2022-06-10,167.9102020263672,176.4984130859375,167.1717529296875,175.6044921875,2142235323
2022-06-11,156.95407104492188,169.53611755371094,155.8970947265625,167.900634765625,2035539813
2022-06-12,147.1142120361328,157.9407196044922,147.1142120361328,157.01156616210938,1935626592
2022-06-13,126.7068099975586,148.12445068359375,125.15804290771484,147.0347442626953,2044007399
2022-06-14,126.29086303710938,132.9969482421875,118.69065856933594,126.72553253173828,1681543805
2022-06-15,127.5723876953125,129.956298828125,112.15670013427734,126.27769470214844,1699975336
2022-06-16,109.38005065917969,129.63330078125,108.11223602294922,127.54725646972656,1601917679
2022-06-17,120.93612670898438,121.19572448730469,108.08806610107422,109.37103271484375,1860195195
2022-06-18,116.51904296875,123.31108856201172,110.71099090576172,120.94042205810547,1955594257
2022-06-19,120.19225311279297,122.2614974975586,111.78328704833984,116.48397064208984,1578105198
2022-06-20,118.97757720947266,124.16808319091797,116.47064208984375,120.1887435913086,1569058756
2022-06-21,118.88475799560547,122.5783920288086,116.0230712890625,118.96553039550781,1562491556
2022-06-22,113.30838775634766,119.24260711669922,113.0276107788086,118.93859100341797,1422857193
2022-06-23,116.16727447509766,117.71651458740234,112.54875946044922,113.30931854248047,1253332573
2022-06-24,114.53982543945312,120.70429229736328,114.53982543945312,116.1563949584961,1542360255
2022-06-25,115.27176666259766,115.9377670288086,111.84400939941406,114.57484436035156,1522627566
2022-06-26,113.07980346679688,118.95384216308594,113.0697021484375,115.25562286376953,1484787303
2022-06-27,111.42684936523438,116.63211059570312,110.82582092285156,113.10125732421875,1386986480
2022-06-28,103.17231750488281,112.5249252319336,102.85765075683594,111.42487335205078,1207384600
2022-06-29,104.40489959716797,107.16561889648438,102.07849884033203,103.17366027832031,726870704
2022-06-30,102.73477935791016,104.67221069335938,98.28801727294922,104.4162368774414,1053256061
2022-07-01,101.41802215576172,105.5563735961914,98.77178192138672,102.81454467773438,760197665
2022-07-02,106.48081970214844,106.81431579589844,100.92027282714844,101.44420623779297,1199030331
2022-07-03,105.5800552368164,107.24630737304688,102.15668487548828,106.45531463623047,1187978767
2022-07-04,108.13239288330078,108.14682006835938,102.86429595947266,105.58285522460938,1249269541
2022-07-05,104.31560516357422,108.28050231933594,102.18711853027344,108.12164306640625,1291077986
2022-07-06,106.16500854492188,106.87326049804688,103.23578643798828,104.32518768310547,1266533088
2022-07-07,111.64202880859375,112.03264617919922,105.239501953125,106.16227722167969,1101358631
2022-07-08,109.0074234008789,112.83290100097656,107.4120101928711,111.6590576171875,632161393
2022-07-09,111.57935333251953,112.79811096191406,108.81466674804688,108.97972869873047,1334656388
2022-07-10,107.04318237304688,111.55611419677734,105.8044662475586,111.55611419677734,1259130239
2022-07-11,99.30374908447266,107.10580444335938,99.12873840332031,107.02953338623047,1223361760
2022-07-12,97.541748046875,100.62295532226562,97.49634552001953,99.310302734375,1179157071
2022-07-13,102.34386444091797,102.34386444091797,96.00476837158203,97.52955627441406,1209984234
2022-07-14,103.00496673583984,103.8016586303711,99.39031219482422,102.32205200195312,1243950769
2022-07-15,106.08636474609375,106.52957153320312,102.37350463867188,103.00578308105469,547465009
2022-07-16,109.59832763671875,110.36827087402344,104.13455963134766,106.06724548339844,615055280
2022-07-17,110.63470458984375,115.11505126953125,108.12824249267578,109.60568237304688,355265041
2022-07-18,121.6329116821289,121.6329116821289,110.64099884033203,110.64099884033203,412280051
2022-07-19,128.44296264648438,129.118408203125,116.55989837646484,121.5849380493164,541861862
2022-07-20,121.8243637084961,130.63555908203125,120.822021484375,128.45106506347656,367420156
2022-07-21,122.982177734375,123.77478790283203,118.4802474975586,121.8165054321289,305920034
2022-07-22,123.50938415527344,128.55946350097656,120.79060363769531,122.98787689208984,413046002
2022-07-23,122.71155548095703,126.58251190185547,119.01912689208984,123.4530029296875,246810479
2022-07-24,132.38540649414062,134.43792724609375,122.67337799072266,122.69570922851562,329204445
2022-07-25,119.32747650146484,132.61695861816406,119.29989624023438,132.2965850830078,310699338
2022-07-26,118.63275146484375,119.27522277832031,114.53998565673828,119.27522277832031,220203623
2022-07-27,127.09396362304688,127.09700012207031,116.49454498291016,118.64929962158203,282460841
2022-07-28,154.74412536621094,157.46539306640625,127.10558319091797,127.10558319091797,918307842
2022-07-29,152.3015899658203,163.60162353515625,148.79129028320312,155.32122802734375,944041659
2022-07-30,145.0458526611328,153.79617309570312,144.2270965576172,152.3032989501953,512282965
2022-07-31,139.98597717285156,149.796630859375,139.52313232421875,145.05140686035156,417358573
2022-08-01,138.21359252929688,141.9862518310547,134.6973114013672,139.96820068359375,282082392
2022-08-02,134.04917907714844,138.50747680664062,129.6054229736328,138.18357849121094,316355200
2022-08-03,134.50466918945312,141.9907989501953,131.18467712402344,134.06137084960938,276340987
2022-08-04,134.64825439453125,138.2927703857422,133.14002990722656,134.4738311767578,332987332
2022-08-05,141.2279815673828,141.2279815673828,134.2764892578125,134.615966796875,247420453
2022-08-06,141.84368896484375,143.03077697753906,139.53932189941406,141.26251220703125,214963349
2022-08-07,141.35702514648438,143.64678955078125,139.2611846923828,141.79539489746094,206578300
2022-08-08,143.53553771972656,147.62362670898438,140.68411254882812,141.3739776611328,264673057
2022-08-09,134.7403106689453,144.24505615234375,133.99972534179688,143.5265350341797,254120085
2022-08-10,142.0718994140625,143.08645629882812,132.34967041015625,134.74440002441406,285265503
2022-08-11,142.97476196289062,148.02745056152344,142.03253173828125,142.07986450195312,304100155
2022-08-12,143.0982208251953,143.33905029296875,139.31057739257812,142.95132446289062,222980965
2022-08-13,144.31005859375,146.7890625,142.93186950683594,143.09918212890625,224051962
2022-08-14,139.5986785888672,147.0292205810547,138.87661743164062,144.32907104492188,242271081
2022-08-15,137.51512145996094,143.22703552246094,134.49476623535156,139.6195831298828,260272051
2022-08-16,136.57183837890625,138.1951141357422,135.39654541015625,137.4866485595703,218356838
2022-08-17,133.74916076660156,144.3354949951172,133.26519775390625,136.55662536621094,326069878
2022-08-18,129.26272583007812,136.1018829345703,129.24380493164062,133.75320434570312,245877210
2022-08-19,114.59532928466797,129.2770538330078,114.32445526123047,129.2770538330078,357560698
2022-08-20,114.68006896972656,118.07477569580078,112.31815338134766,114.59722137451172,237502981
2022-08-21,119.31036376953125,120.40933227539062,114.67021942138672,114.67021942138672,231205419
2022-08-22,122.85778045654297,122.9104232788086,114.23363494873047,119.30382537841797,296849422
2022-08-23,133.4949188232422,135.31658935546875,120.60337829589844,122.84442138671875,446011678
2022-08-24,131.21229553222656,138.1152801513672,131.21229553222656,133.481201171875,382734219
2022-08-25,130.68069458007812,132.39479064941406,129.4022216796875,131.20245361328125,265805093
2022-08-26,116.28633880615234,130.66729736328125,115.85299682617188,130.66729736328125,335487137
2022-08-27,115.35123443603516,118.13255310058594,113.89434814453125,116.29462432861328,268806259
2022-08-28,113.46882629394531,119.71598052978516,113.46882629394531,115.35916900634766,235232305
2022-08-29,119.61377716064453,119.71881103515625,112.33865356445312,113.40616607666016,264119990
2022-08-30,114.65457916259766,120.51405334472656,112.83711242675781,119.6305923461914,242607410
2022-08-31,115.3424072265625,117.72820281982422,114.66875457763672,114.66875457763672,206762052
2022-09-01,116.70771789550781,117.07291412353516,113.5479965209961,115.34303283691406,227533596
2022-09-02,116.36717987060547,119.71156311035156,115.27747344970703,116.7093276977539,271983506
2022-09-03,117.7043228149414,118.58085632324219,116.07842254638672,116.37312316894531,231099662
2022-09-04,118.1373519897461,118.1373519897461,116.45393371582031,117.71190643310547,175273025
2022-09-05,125.6686019897461,125.90435791015625,117.3026351928711,118.12857055664062,251185197
2022-09-06,112.50064849853516,127.47740173339844,112.48841857910156,125.68889617919922,295404896
2022-09-07,118.64579772949219,119.15929412841797,111.36616516113281,112.4346694946289,263199586
2022-09-08,127.14407348632812,129.3760223388672,116.55583953857422,118.64781951904297,487324244
2022-09-09,132.77561950683594,138.0015869140625,126.39091491699219,127.10440826416016,460606403
2022-09-10,132.8063201904297,134.4551544189453,130.94580078125,132.72679138183594,298635594
2022-09-11,130.25624084472656,133.1195831298828,128.4345703125,132.79507446289062,244950894
2022-09-12,128.7611083984375,132.4580078125,127.2132339477539,130.25352478027344,297325655
2022-09-13,119.0383071899414,133.22250366210938,117.19823455810547,128.76904296875,347352925
2022-09-14,120.23064422607422,120.5330581665039,117.16214752197266,117.58161926269531,218964930
2022-09-15,117.83324432373047,122.60118103027344,116.85348510742188,120.22850799560547,264217879
2022-09-16,119.55599212646484,120.5905532836914,116.7967529296875,117.84430694580078,226130263
2022-09-17,122.25165557861328,123.08463287353516,119.5562515258789,119.56733703613281,197971193
2022-09-18,111.87236785888672,122.25377655029297,111.80294799804688,122.23072052001953,223851169
2022-09-19,112.22876739501953,113.0849838256836,107.20182037353516,111.86649322509766,259524012
2022-09-20,112.89227294921875,114.54669952392578,111.4539794921875,112.2433853149414,234825794
2022-09-21,109.46312713623047,118.52194213867188,109.16825866699219,112.8823013305664,288706877
2022-09-22,116.53922271728516,116.62836456298828,109.10491180419922,109.51184844970703,224536083
2022-09-23,120.06118774414062,120.22712707519531,113.30078125,116.53593444824219,284423405
2022-09-24,117.92076873779297,121.75325012207031,117.92076873779297,120.05921173095703,246871367
2022-09-25,113.50005340576172,118.33419036865234,112.7156753540039,117.92256164550781,231914637
2022-09-26,116.20259857177734,117.07710266113281,112.90509796142578,113.49515533447266,262464085
2022-09-27,114.40727996826172,120.15240478515625,112.85289001464844,116.2104721069336,287910263
2022-09-28,114.26228332519531,115.55818176269531,110.7281265258789,114.3796615600586,257950036
2022-09-29,116.74011993408203,117.5637435913086,114.03397369384766,114.25148010253906,271450641
2022-09-30,120.04029846191406,124.2698974609375,115.7625503540039,116.74517822265625,363557308
2022-10-01,117.18318939208984,120.72686767578125,116.1815414428711,120.02217102050781,202425471
2022-10-02,114.40396881103516,118.35503387451172,114.30953979492188,117.1717758178711,207890715
2022-10-03,116.26018524169922,116.3698501586914,114.10417175292969,114.41100311279297,197753341
2022-10-04,121.24559783935547,121.86060333251953,115.75715637207031,116.25691986083984,214269001
2022-10-05,122.21883392333984,123.32848358154297,119.32728576660156,121.24244689941406,188639642
2022-10-06,118.43882751464844,123.50678253173828,118.2146224975586,122.22779846191406,181434060
2022-10-07,116.79872131347656,120.09689331054688,115.85426330566406,118.43875885009766,178326597
2022-10-08,116.97750854492188,118.26995849609375,115.8260269165039,116.78759765625,149502325
2022-10-09,117.22793579101562,118.26921081542969,116.7435073852539,116.96251678466797,158347102
2022-10-10,111.73036193847656,117.91719818115234,111.73036193847656,117.23260498046875,185761107
2022-10-11,111.11306762695312,112.2020263671875,109.89740753173828,111.71949005126953,186705924
2022-10-12,111.90184020996094,112.31439208984375,110.90469360351562,111.1182861328125,181789992
2022-10-13,108.9775390625,112.67304992675781,103.09095001220703,111.89546203613281,322998475
2022-10-14,107.54891204833984,111.62824249267578,106.99946594238281,108.96894073486328,211846099
2022-10-15,108.06718444824219,109.21321868896484,107.053466796875,107.54191589355469,167106067
2022-10-16,110.33349609375,110.83837890625,108.0539779663086,108.06999206542969,177467027
2022-10-17,110.58451080322266,111.3413314819336,109.40902709960938,110.32730102539062,185301371
2022-10-18,108.72208404541016,111.34130859375,107.51143646240234,110.57402801513672,216478780
2022-10-19,106.15585327148438,108.8679428100586,106.04267120361328,108.72764587402344,161389501
2022-10-20,106.39016723632812,108.72136688232422,105.47393035888672,106.13892364501953,170432867
2022-10-21,107.005615234375,107.24495697021484,103.54673767089844,106.39215850830078,204900553
2022-10-22,108.70037078857422,110.21695709228516,106.4119873046875,107.01490020751953,181042453
2022-10-23,110.88642120361328,110.90238189697266,108.03186798095703,108.70198822021484,185071846
2022-10-24,107.93132781982422,111.04734802246094,107.65222930908203,110.88728332519531,206923841
2022-10-25,112.79578399658203,113.90664672851562,107.86619567871094,107.93101501464844,215642849
2022-10-26,114.58954620361328,116.09902954101562,112.30210876464844,112.7738037109375,397995808
2022-10-27,112.5551528930664,116.72188568115234,112.15926361083984,114.59052276611328,443888620
2022-10-28,115.57781219482422,116.00935363769531,111.3401107788086,112.55474090576172,487781698
2022-10-29,118.45816802978516,120.25391387939453,115.50811004638672,115.56564331054688,533574676
2022-10-30,116.28987884521484,119.95218658447266,114.97639465332031,118.4579849243164,471100285
2022-10-31,115.10994720458984,117.61257934570312,113.86984252929688,116.27051544189453,444780235
2022-11-01,115.00502014160156,116.37054443359375,114.20447540283203,115.11144256591797,456423614
2022-11-02,113.50633239746094,121.1754379272461,112.5083999633789,115.0004653930664,648808851
2022-11-03,115.75762939453125,119.702392578125,113.41776275634766,113.5219497680664,548999513
2022-11-04,123.98335266113281,124.08401489257812,115.3351821899414,115.73127746582031,657069486
2022-11-05,123.7420425415039,125.38790893554688,122.96342468261719,124.03108215332031,430694834
2022-11-06,116.6838607788086,123.99832916259766,116.6632080078125,123.74714660644531,342636984
2022-11-07,117.71343994140625,119.266845703125,115.67745971679688,116.69001007080078,340585029
2022-11-08,103.18102264404297,118.59906005859375,98.8423843383789,117.70523834228516,735395027
2022-11-09,89.35179138183594,103.76367950439453,88.28638458251953,103.17924499511719,677592889
2022-11-10,102.8276596069336,105.60553741455078,88.5364990234375,89.36911010742188,451189311
2022-11-11,102.73115539550781,106.03107452392578,100.10420989990234,102.81922912597656,291046683
2022-11-12,102.31828308105469,102.86994171142578,98.55187225341797,102.74868774414062,197959492
2022-11-13,99.6465072631836,103.2238540649414,98.83106231689453,102.31814575195312,209882318
2022-11-14,103.64167785644531,104.37651824951172,97.20249938964844,99.62444305419922,275594444
2022-11-15,103.85900115966797,105.89313507080078,102.7137451171875,103.63751220703125,205752751
2022-11-16,104.47737121582031,109.08802032470703,103.1513900756836,103.83893585205078,239230175
2022-11-17,103.75926971435547,105.08018493652344,101.84808349609375,104.47183227539062,206654312
2022-11-18,104.72098541259766,105.4571533203125,103.74243927001953,103.75897979736328,173437211
2022-11-19,104.81979370117188,105.96793365478516,104.20748138427734,104.72036743164062,168724308
2022-11-20,104.89090728759766,107.28529357910156,103.56488037109375,104.829833984375,248473934
2022-11-21,103.24916076660156,106.98649597167969,101.27698516845703,104.89754486083984,315062965
2022-11-22,108.96452331542969,109.03255462646484,103.2032241821289,103.23087310791016,277512212
2022-11-23,114.89168548583984,118.60111236572266,108.64448547363281,108.97443389892578,364874328
2022-11-24,115.91899108886719,118.03813934326172,113.3403091430664,114.89715576171875,289855568
2022-11-25,113.82330322265625,116.01782989501953,113.31498718261719,115.90702819824219,206165000
2022-11-26,112.44127655029297,115.53800201416016,111.86370086669922,113.8143081665039,192168490
2022-11-27,111.24122619628906,113.37995147705078,111.1554183959961,112.44275665283203,154665479
2022-11-28,110.08090209960938,111.90184020996094,106.73121643066406,111.22572326660156,194956339
2022-11-29,111.11190032958984,112.78677368164062,109.59091186523438,110.0762939453125,175021732
2022-11-30,113.3907241821289,114.20293426513672,110.86798858642578,111.12239837646484,188335842
2022-12-01,110.30767059326172,113.59993743896484,110.07878112792969,113.39045715332031,170949348
2022-12-02,111.93447875976562,112.01112365722656,108.92417907714844,110.31117248535156,153274799
2022-12-03,109.8917465209961,111.9885482788086,109.82218933105469,111.9526596069336,127942793
2022-12-04,111.15482330322266,111.70801544189453,109.81670379638672,109.87963104248047,145041966
2022-12-05,110.39720916748047,116.64049530029297,110.12029266357422,111.15161895751953,203082882
2022-12-06,112.0299301147461,112.0383529663086,110.4009017944336,110.4009017944336,159142305
2022-12-07,109.19988250732422,112.52519226074219,108.2646484375,112.02080535888672,156533462
2022-12-08,111.8478775024414,112.1712646484375,108.69202423095703,109.20304870605469,148391126
2022-12-09,109.74801635742188,112.14392852783203,109.24539947509766,111.84178924560547,131120607
2022-12-10,109.072509765625,110.4372329711914,109.0523910522461,109.75948333740234,96665780
2022-12-11,106.33975219726562,109.90103149414062,106.26458740234375,109.08782958984375,239688863
2022-12-12,106.24568176269531,106.69380950927734,104.06452941894531,106.3313980102539,136423089
2022-12-13,110.03935241699219,110.9366455078125,104.25849914550781,106.2626953125,202881888
2022-12-14,109.1084976196289,110.9014663696289,108.26531219482422,110.03510284423828,144048921
2022-12-15,107.25273895263672,109.8188705444336,107.0213394165039,109.08771514892578,135525935
2022-12-16,100.19449615478516,107.76815795898438,99.82524871826172,107.25457000732422,164515036
2022-12-17,103.08944702148438,103.14740753173828,99.31485748291016,100.18516540527344,141948275
2022-12-18,102.10164642333984,103.25364685058594,101.79448699951172,103.09065246582031,82518306
2022-12-19,98.55999755859375,102.84908294677734,98.55999755859375,102.09603118896484,134472213
2022-12-20,101.79222869873047,102.25901794433594,98.56092834472656,98.56775665283203,124604132
2022-12-21,100.34043884277344,102.17839813232422,100.09610748291016,101.77903747558594,102295161
2022-12-22,101.35968780517578,101.36163330078125,99.5865478515625,100.3486328125,101874609
2022-12-23,101.9491958618164,102.5707778930664,101.28588104248047,101.36235046386719,95474710
2022-12-24,101.8064193725586,102.63886260986328,101.73106384277344,101.95374298095703,68743900
2022-12-25,101.35171508789062,102.005859375,99.95372772216797,101.80876922607422,89486065
2022-12-26,103.38439178466797,103.42463684082031,100.99940490722656,101.35447692871094,94382578
2022-12-27,101.69137573242188,103.59049987792969,101.52075958251953,103.382568359375,99717575
2022-12-28,99.17676544189453,102.42744445800781,98.95903015136719,101.70286560058594,121739372
2022-12-29,98.40066528320312,100.16041564941406,97.71018981933594,99.16822814941406,117365942
2022-12-30,96.6463394165039,98.45028686523438,95.72980499267578,98.40699005126953,147217395
2023-01-01,96.8,97.6,96.2,97.0,10264.919
2023-01-02,99.3,100.4,95.5,96.8,41183.038
2023-01-03,99.6,100.4,98.8,99.3,34511.544
2023-01-04,101.5,102.5,99.5,99.6,58636.885
2023-01-05,101.2,103.5,100.6,101.6,60392.462
2023-01-06,101.7,101.9,98.0,101.1,63179.02
2023-01-07,101.4,102.3,101.1,101.6,30203.645
2023-01-08,103.7,104.0,100.8,101.5,52981.958
2023-01-09,106.9,107.9,103.6,103.7,68710.657
2023-01-10,107.4,109.3,105.5,106.8,45513.415
2023-01-11,109.9,110.1,105.5,107.5,41716.031
2023-01-12,119.7,129.4,107.3,109.9,241816.752
2023-01-13,124.6,128.0,117.8,119.6,143625.194
2023-01-14,125.8,131.3,120.0,124.5,163633.929
2023-01-15,124.8,127.5,121.4,125.8,83784.619
2023-01-16,124.2,127.1,119.5,124.9,88029.139
2023-01-17,122.7,125.7,121.8,124.2,53759.085
2023-01-18,118.7,127.5,115.2,122.8,94056.587
2023-01-19,121.6,122.5,118.6,118.6,39384.007
2023-01-20,128.1,128.2,120.4,121.7,56520.949
2023-01-21,128.0,134.2,125.3,128.0,98438.739
2023-01-22,128.6,132.5,127.2,128.0,56391.958
2023-01-23,133.2,138.6,128.4,128.5,96735.208
2023-01-24,128.2,137.2,125.6,133.2,57354.054
2023-01-25,131.8,134.6,125.3,128.2,48990.863
2023-01-26,134.0,135.1,129.5,131.9,46366.219
2023-01-27,135.2,136.4,131.7,133.9,44599.708
2023-01-28,132.7,135.8,131.3,135.2,28534.606
2023-01-29,136.6,138.7,131.9,132.7,51248.781
2023-01-30,131.2,136.7,127.4,136.5,62216.158
2023-01-31,133.3,136.5,130.6,131.2,42244.265
2023-02-01,136.2,136.9,129.8,133.3,50549.855
2023-02-02,136.7,143.6,135.5,136.2,82403.925
2023-02-03,137.9,139.6,136.1,136.8,39249.199
2023-02-04,138.0,140.1,136.4,137.9,31490.903
2023-02-05,134.4,138.3,132.7,138.1,42079.311
2023-02-06,131.5,135.0,130.2,134.4,29789.536
2023-02-07,135.9,137.6,131.2,131.5,41185.683
2023-02-08,131.6,136.8,129.4,135.9,44511.533
2023-02-09,126.6,132.5,121.8,131.5,84390.542
2023-02-10,124.3,130.3,123.8,126.7,47331.035
2023-02-11,124.6,125.4,123.1,124.3,37171.503
2023-02-12,122.9,126.7,121.2,124.7,30304.051
2023-02-13,123.8,124.7,119.7,122.8,64537.554
2023-02-14,126.7,127.2,122.8,123.9,51039.353
2023-02-15,134.8,135.4,125.1,126.7,64483.622
2023-02-16,128.0,135.8,127.6,134.8,61743.174
2023-02-17,133.4,134.7,127.5,127.9,51358.085
2023-02-18,136.2,138.8,133.2,133.4,46251.432
2023-02-19,136.0,141.1,134.6,136.2,58952.375
2023-02-20,145.1,149.1,133.2,136.1,123482.868
2023-02-21,145.3,154.4,142.7,145.0,144377.878
2023-02-22,142.0,145.7,136.8,145.3,49878.017
2023-02-23,138.8,143.8,137.4,141.9,37061.147
2023-02-24,132.7,139.7,130.4,138.7,39473.826
2023-02-25,133.2,135.6,129.5,132.7,39638.761
2023-02-26,136.3,137.5,132.2,133.1,27869.47
2023-02-27,135.2,138.2,133.3,136.3,33727.459
2023-02-28,132.0,135.3,130.5,135.2,37638.507
2023-03-01,134.3,135.9,131.7,132.0,29814.269
2023-03-02,131.8,134.8,129.8,134.3,32693.299
2023-03-03,126.4,131.9,120.0,131.9,51028.14
2023-03-04,124.4,127.2,122.3,126.3,21819.805
2023-03-05,124.0,126.5,123.2,124.3,14793.093
2023-03-06,124.2,125.0,122.1,124.0,22612.199
2023-03-07,122.1,126.0,120.0,124.2,28569.05
2023-03-08,116.6,122.6,114.5,122.2,42494.959
2023-03-09,110.2,118.4,106.4,116.6,51768.299
2023-03-10,111.5,111.9,105.1,110.3,62563.886
2023-03-11,113.6,115.1,107.2,111.5,67504.736
2023-03-12,120.2,120.9,112.0,113.6,52359.593
2023-03-13,126.6,128.1,119.1,120.3,91701.176
2023-03-14,131.0,140.0,125.2,126.6,97283.004
2023-03-15,123.2,133.8,122.0,131.0,65394.589
2023-03-16,125.8,127.0,122.2,123.1,49577.94
2023-03-17,135.5,135.7,124.8,125.7,56746.178
2023-03-18,131.1,138.0,130.2,135.5,47669.45
2023-03-19,135.7,136.9,131.0,131.0,31897.554
2023-03-20,130.3,139.5,129.5,135.8,53715.156
2023-03-21,134.0,134.7,125.6,130.3,68393.701
2023-03-22,125.9,134.2,122.8,134.0,76774.38
2023-03-23,128.6,131.1,124.4,126.0,88044.151
2023-03-24,123.7,131.9,121.5,128.7,81345.701
2023-03-25,125.2,127.5,123.2,123.8,32778.425
2023-03-26,124.7,127.1,123.6,125.1,27644.555
2023-03-27,120.4,125.0,116.6,124.7,64614.154
2023-03-28,120.9,122.3,119.1,120.4,59140.681
2023-03-29,123.3,124.8,120.4,120.9,58026.013
2023-03-30,121.1,125.3,119.0,123.3,61260.393
2023-03-31,123.9,124.6,120.1,121.1,33062.459
2023-04-01,126.1,127.6,123.4,123.9,40065.83
2023-04-02,123.0,126.5,121.2,126.1,32720.465
2023-04-03,127.8,129.7,119.5,123.0,117684.74
2023-04-04,127.1,128.3,125.9,127.8,49808.469
2023-04-05,127.2,130.0,125.2,127.1,49976.723
2023-04-06,126.0,127.6,124.8,127.3,23152.352
2023-04-07,124.5,126.6,123.2,126.1,27864.219
2023-04-08,123.8,125.2,122.8,124.5,17951.776
2023-04-09,125.6,126.4,123.3,123.7,17464.437
2023-04-10,128.0,128.7,124.0,125.5,32059.604
2023-04-11,129.1,130.7,127.4,128.0,43069.52
2023-04-12,128.7,129.9,125.4,129.1,42992.598
2023-04-13,131.1,132.6,128.0,128.8,52186.844
2023-04-14,132.2,134.4,128.9,131.1,60371.409
2023-04-15,132.5,133.6,130.7,132.2,37448.831
2023-04-16,134.4,136.1,131.1,132.5,40000.535
2023-04-17,131.5,134.5,130.2,134.3,39990.332
2023-04-18,133.6,134.2,130.3,131.5,33908.827
2023-04-19,124.9,133.9,122.6,133.6,77117.412
2023-04-20,123.2,126.9,121.4,124.8,39412.507
2023-04-21,119.8,125.1,118.3,123.1,44640.146
2023-04-22,122.0,122.8,119.1,119.8,28302.999
2023-04-23,119.8,122.8,117.9,122.1,23382.799
2023-04-24,119.2,121.6,118.7,119.8,39350.504
2023-04-25,120.2,120.4,116.6,119.2,30910.417
2023-04-26,117.6,123.4,111.5,120.2,62735.559
2023-04-27,117.0,120.4,116.2,117.6,77460.877
2023-04-28,118.0,120.4,115.3,117.0,53783.839
2023-04-29,119.7,120.2,117.6,118.0,16978.827
2023-04-30,117.7,121.0,117.6,119.7,23552.937
2023-05-01,117.1,118.4,115.1,117.6,22506.425
2023-05-02,119.3,119.7,116.3,117.0,24470.907
2023-05-03,120.0,120.8,115.9,119.2,28932.33
2023-05-04,117.3,120.2,116.4,120.0,18089.498
2023-05-05,120.0,121.0,116.5,117.3,27513.874
2023-05-06,117.0,120.6,115.3,120.0,28806.377
2023-05-07,116.1,117.7,115.8,116.9,13454.768
2023-05-08,111.1,116.8,107.0,116.0,52782.197
2023-05-09,122.2,123.9,110.1,111.2,235926.06
2023-05-10,115.8,124.7,111.5,122.2,154502.293
2023-05-11,113.2,115.8,110.0,115.7,47106.723
2023-05-12,114.7,115.7,112.2,113.2,43317.957
2023-05-13,113.0,115.0,112.5,114.7,21084.691
2023-05-14,115.2,116.1,112.9,113.0,27029.827
2023-05-15,116.1,120.9,114.2,115.2,77793.594
2023-05-16,116.7,117.6,114.0,116.1,24166.612
2023-05-17,118.0,118.8,115.3,116.7,40417.3
2023-05-18,115.3,118.1,112.8,118.0,31700.593
2023-05-19,115.6,116.1,114.4,115.2,17682.876
2023-05-20,116.6,117.0,114.6,115.5,17287.171
2023-05-21,114.7,117.1,113.8,116.7,13837.853
2023-05-22,114.7,115.3,113.0,114.7,28252.406
2023-05-23,115.7,117.4,114.7,114.7,23419.687
2023-05-24,112.1,115.7,110.8,115.7,35368.587
2023-05-25,111.9,112.4,109.2,112.1,21059.757
2023-05-26,113.2,113.8,111.4,111.9,17662.873
2023-05-27,113.8,114.1,112.1,113.2,11827.762
2023-05-28,116.4,116.8,113.6,113.9,20725.449
2023-05-29,114.9,117.3,114.6,116.5,36462.586
2023-05-30,113.9,115.8,113.8,114.9,29794.614
2023-05-31,113.2,114.3,112.0,113.9,34303.537
2023-06-01,113.4,113.6,111.5,113.3,19159.636
2023-06-02,114.9,115.4,112.8,113.3,27534.325
2023-06-03,114.9,115.3,114.2,114.8,15120.556
2023-06-04,115.7,117.0,114.1,114.9,36263.798
2023-06-05,108.7,115.7,107.0,115.7,61000.736
2023-06-06,114.9,115.1,107.5,108.7,50108.608
2023-06-07,111.1,117.1,110.0,114.9,52617.497
2023-06-08,111.9,112.5,110.2,111.1,17049.471
2023-06-09,110.8,112.1,109.6,111.8,25473.668
2023-06-10,103.4,111.0,90.3,110.8,144691.226
2023-06-11,102.8,103.6,101.6,103.4,28551.014
2023-06-12,102.7,104.2,100.5,102.8,20099.816
2023-06-13,105.3,106.8,102.2,102.8,31135.101
2023-06-14,101.7,106.3,100.5,105.4,24515.355
2023-06-15,104.9,105.1,101.7,101.7,29187.914
2023-06-16,108.1,109.5,102.7,104.8,19696.143
2023-06-17,106.7,108.6,106.1,108.2,20624.112
2023-06-18,107.0,108.8,105.6,106.7,34258.436
2023-06-19,106.8,107.3,104.8,106.9,22916.622
2023-06-20,110.0,110.6,105.2,106.9,39355.486
2023-06-21,135.9,141.7,109.6,110.0,541394.24
2023-06-22,133.5,152.0,128.9,135.8,323358.509
2023-06-23,182.2,193.5,133.4,133.4,787313.759
2023-06-24,212.7,221.9,179.1,182.3,1004614.432
2023-06-25,194.3,219.9,185.6,212.6,689870.809
2023-06-26,223.7,235.0,187.5,194.2,926039.44
2023-06-27,229.9,239.4,216.0,223.8,726957.415
2023-06-28,225.1,244.0,219.7,230.0,732766.713
2023-06-29,253.4,255.5,223.8,225.0,711269.162
2023-06-30,304.2,329.0,252.2,253.3,1709900.031
2023-07-01,291.3,310.8,278.1,304.2,540822.1
2023-07-02,299.2,308.9,268.2,291.3,804213.704
2023-07-03,292.2,302.6,279.3,299.3,387646.479
2023-07-04,272.4,293.4,271.2,292.2,273833.464
2023-07-05,272.0,278.7,248.9,272.4,495714.652
2023-07-06,275.0,303.7,268.1,271.9,810940.702
2023-07-07,278.3,289.7,272.1,275.0,399084.967
2023-07-08,272.0,283.2,261.7,278.4,219928.773
2023-07-09,265.6,279.7,262.2,272.0,173195.331
2023-07-10,274.7,287.8,258.6,265.6,371744.555
2023-07-11,274.0,277.6,270.2,274.8,132701.152
2023-07-12,282.2,295.0,272.7,274.0,285425.87
2023-07-13,273.9,292.4,268.6,282.3,424908.312
2023-07-14,264.0,278.2,253.6,274.0,325720.084
2023-07-15,253.3,264.0,245.6,264.0,172753.554
2023-07-16,249.9,261.3,247.4,253.3,198980.26
2023-07-17,241.9,254.6,236.0,249.9,207007.954
2023-07-18,243.6,248.1,231.5,241.9,233675.865
2023-07-19,244.0,252.0,241.2,243.6,120416.235
2023-07-20,244.0,255.3,240.2,244.0,124497.663
2023-07-21,246.1,248.3,241.5,244.0,66221.001
2023-07-22,239.4,247.8,237.2,246.1,57879.993
2023-07-23,249.5,255.7,238.2,239.3,124084.943
2023-07-24,238.4,253.9,235.8,249.5,111892.757
2023-07-25,237.1,239.7,232.0,238.5,75736.758
2023-07-26,242.2,244.7,233.7,237.1,100177.318
2023-07-27,245.2,249.7,240.9,242.2,90392.155
2023-07-28,241.2,245.5,241.1,245.3,32584.434
2023-07-29,241.8,242.5,238.2,241.2,36370.198
2023-07-30,253.0,256.3,241.1,241.9,174533.317
2023-07-31,247.9,259.4,247.2,253.1,147768.882
2023-08-01,245.1,248.9,238.7,247.9,113455.653
2023-08-02,229.1,247.4,220.7,245.0,199778.708
2023-08-03,225.2,231.7,222.7,229.1,95401.706
2023-08-04,227.7,230.1,220.7,225.2,95260.812
2023-08-05,226.7,229.0,223.2,227.7,64492.181
2023-08-06,223.1,228.6,221.5,226.7,54562.274
2023-08-07,237.7,245.4,216.7,223.1,634275.11
2023-08-08,238.4,249.6,234.9,237.8,365898.779
2023-08-09,238.7,239.7,233.7,238.4,141822.198
2023-08-10,231.9,240.6,230.3,238.8,201215.144
2023-08-11,229.1,233.0,227.2,231.9,102086.482
2023-08-12,228.7,231.0,227.4,229.0,40224.077
2023-08-13,228.4,231.2,225.0,228.7,54576.186
2023-08-14,230.2,231.3,225.6,228.4,50608.405
2023-08-15,228.9,237.3,225.7,230.1,228794.828
2023-08-16,208.2,231.3,201.0,228.8,227813.161
2023-08-17,184.2,211.4,165.4,208.2,323267.821
2023-08-18,187.5,192.0,178.6,184.2,185828.928
2023-08-19,187.1,192.1,184.3,187.4,117199.248
2023-08-20,188.9,190.7,186.6,187.2,76291.836
2023-08-21,185.7,199.2,180.6,188.9,100809.243
2023-08-22,184.9,188.3,176.7,185.8,74586.661
2023-08-23,193.8,197.0,184.7,185.1,108545.338
2023-08-24,194.2,195.2,188.7,193.8,77314.998
2023-08-25,192.1,194.8,188.4,194.1,78762.277
2023-08-26,190.1,192.4,188.9,192.0,24752.662
2023-08-27,197.8,201.9,190.0,190.1,69886.295
2023-08-28,190.7,198.0,187.2,197.8,75096.937
2023-08-29,225.2,228.4,189.0,190.6,314215.08
2023-08-30,215.9,225.9,211.3,225.3,168554.106
2023-08-31,207.6,223.0,203.1,216.0,196869.487
2023-09-01,199.6,211.1,197.7,207.6,113364.157
2023-09-02,195.0,201.8,190.8,199.6,82618.204
2023-09-03,196.1,198.2,191.2,195.0,62087.245
2023-09-04,193.9,199.1,189.8,196.2,92638.647
2023-09-05,192.1,195.2,189.4,193.8,64258.26
2023-09-06,193.1,195.8,189.5,192.0,57399.186
2023-09-07,193.6,194.5,189.9,193.1,70621.142
2023-09-08,193.1,197.1,190.6,193.6,101658.822
2023-09-09,193.1,196.4,191.0,193.2,45203.143
2023-09-10,190.3,193.1,182.0,193.0,76889.394
2023-09-11,184.2,191.8,180.5,190.4,112676.341
2023-09-12,198.5,210.7,184.0,184.3,257812.89
2023-09-13,199.6,204.5,195.8,198.4,154766.634
2023-09-14,207.8,210.6,198.5,199.6,174611.16
2023-09-15,217.2,225.8,206.1,207.9,245876.817
2023-09-16,214.6,223.9,212.7,217.1,116619.659
2023-09-17,209.9,214.9,205.1,214.6,105720.441
2023-09-18,217.3,225.7,207.4,210.0,189941.395
2023-09-19,218.7,222.5,214.5,217.3,100740.144
2023-09-20,215.4,221.0,211.5,218.7,133808.869
2023-09-21,208.5,215.7,205.7,215.5,101970.743
2023-09-22,207.8,210.2,204.2,208.6,69681.963
2023-09-23,208.2,209.7,206.6,207.8,40415.183
2023-09-24,204.7,210.0,202.8,208.2,48724.087
2023-09-25,210.5,213.7,201.8,204.7,77227.075
2023-09-26,214.6,216.0,209.5,210.5,108582.482
2023-09-27,229.4,236.7,213.4,214.7,246673.152
2023-09-28,238.7,245.8,227.9,229.3,269639.013
2023-09-29,235.0,241.4,229.1,238.7,143794.198
2023-09-30,233.9,239.9,231.9,235.0,82412.878
2023-10-01,242.3,245.3,232.8,233.9,108512.943
2023-10-02,246.3,256.5,240.5,242.4,263100.247
2023-10-03,230.3,251.5,227.8,246.3,195755.374
2023-10-04,233.1,234.2,223.6,230.2,88354.197
2023-10-05,230.9,234.9,225.5,233.1,82627.435
2023-10-06,230.8,234.0,226.1,231.0,57289.916
2023-10-07,230.2,236.4,228.4,230.9,58115.355
2023-10-08,227.8,233.1,226.5,230.2,41168.992
2023-10-09,218.4,229.1,210.6,227.8,92214.886
2023-10-10,212.2,220.4,210.3,218.5,87818.448
2023-10-11,214.1,217.1,206.3,212.2,87609.575
2023-10-12,214.0,217.5,207.5,214.0,73624.828
2023-10-13,217.2,218.9,211.9,214.1,82605.26
2023-10-14,214.5,218.2,214.3,217.3,23391.75
2023-10-15,215.1,216.7,212.8,214.5,29138.279
2023-10-16,230.8,249.7,214.8,215.2,269226.067
2023-10-17,226.4,232.5,223.6,230.8,104566.107
2023-10-18,226.8,232.9,224.6,226.3,113316.715
2023-10-19,227.3,235.3,224.8,226.8,81905.784
2023-10-20,240.4,249.9,226.1,227.3,158204.575
2023-10-21,244.0,246.6,237.8,240.4,96104.265
2023-10-22,243.4,254.7,237.1,244.1,139159.29
2023-10-23,262.0,264.8,240.3,243.4,214037.566
2023-10-24,251.9,269.9,245.5,262.0,192549.224
2023-10-25,254.2,259.8,248.2,251.9,99341.491
2023-10-26,247.3,257.0,240.3,254.2,99382.2
2023-10-27,239.3,247.6,232.8,247.3,73954.685
2023-10-28,245.0,247.9,238.8,239.2,92960.818
2023-10-29,246.1,249.8,242.3,244.9,55762.805
2023-10-30,245.8,250.9,241.2,246.0,64211.538
2023-10-31,244.9,249.0,235.8,245.9,96173.646
2023-11-01,245.3,247.3,236.5,244.9,90863.418
2023-11-02,235.5,249.5,230.4,245.2,111134.641
2023-11-03,237.6,241.0,231.1,235.5,86161.05
2023-11-04,240.4,240.7,235.7,237.4,31159.012
2023-11-05,237.5,243.1,233.3,240.5,70650.137
2023-11-06,242.8,244.9,235.5,237.7,56406.544
2023-11-07,243.9,251.9,237.2,242.9,128431.431
2023-11-08,245.5,247.4,241.7,243.8,54141.061
2023-11-09,240.1,257.8,212.0,245.4,225713.45
2023-11-10,239.7,242.8,233.5,240.2,116981.354
2023-11-11,236.7,241.7,232.3,239.8,86120.727
2023-11-12,236.6,239.5,230.2,236.6,52434.364
2023-11-13,234.0,240.4,231.9,236.6,122764.008
2023-11-14,232.0,238.9,220.5,233.9,87054.484
2023-11-15,237.8,238.2,230.1,232.0,58741.236
2023-11-16,234.0,245.0,230.3,237.9,111489.399
2023-11-17,229.7,234.8,221.4,233.9,91590.327
2023-11-18,227.3,229.8,220.8,229.8,35985.711
2023-11-19,230.1,231.0,224.0,227.3,33559.191
2023-11-20,226.2,230.5,224.5,230.1,43383.838
2023-11-21,216.4,236.3,212.7,226.2,154187.987
2023-11-22,223.8,224.7,215.4,216.3,71131.828
2023-11-23,225.1,227.6,221.9,223.8,43231.356
2023-11-24,226.4,230.2,224.4,225.2,51461.469
2023-11-25,227.6,228.3,225.5,226.5,21887.642
2023-11-26,226.8,229.8,221.8,227.6,36711.685
2023-11-27,223.2,229.7,219.3,226.8,88941.72
2023-11-28,223.3,224.9,219.5,223.3,41325.253
2023-11-29,223.2,227.2,221.0,223.3,38927.198
2023-11-30,221.4,223.5,220.1,223.3,22303.877
2023-12-01,225.1,226.4,220.6,221.4,26586.403
2023-12-02,228.2,228.6,224.8,225.1,38715.046
2023-12-03,230.0,233.3,223.8,228.3,68569.404
2023-12-04,252.3,256.3,229.0,230.1,324819.815
2023-12-05,250.9,253.1,238.4,252.3,137206.9
2023-12-06,244.6,265.3,242.8,251.0,208471.822
2023-12-07,246.9,249.3,239.2,244.6,86344.827
2023-12-08,253.5,254.6,245.3,246.9,73675.57
2023-12-09,252.7,263.0,250.2,253.6,110203.83
2023-12-10,251.1,255.3,244.3,252.7,48141.551
2023-12-11,230.5,251.7,210.1,251.1,138972.545
2023-12-12,231.8,235.1,226.9,230.5,52552.454
2023-12-13,235.3,237.2,222.9,231.9,68695.59
2023-12-14,237.3,237.9,226.3,235.4,75947.533
2023-12-15,227.1,237.4,224.9,237.2,50604.886
2023-12-16,229.8,232.2,224.7,227.1,30972.316
2023-12-17,225.9,230.6,225.0,229.8,31205.928
2023-12-18,228.1,228.3,217.2,226.0,59987.079
2023-12-19,225.2,231.0,222.6,228.2,46284.005
2023-12-20,229.5,234.7,223.7,225.2,107793.86
2023-12-21,233.0,234.5,228.6,229.5,38331.684
2023-12-22,238.2,244.2,231.4,233.1,112091.995
2023-12-23,232.7,238.6,230.0,238.2,74175.248
2023-12-24,228.9,233.9,225.2,232.8,60413.343
2023-12-25,234.8,237.5,228.1,229.0,63107.223
2023-12-26,229.3,235.1,220.0,234.9,114311.221
2023-12-27,264.1,265.5,226.3,229.2,361613.654
2023-12-28,261.5,278.8,257.4,264.2,344643.078
2023-12-29,254.1,269.4,249.1,261.6,221162.311
2023-12-30,270.5,288.0,253.8,254.0,309545.699
2023-12-31,259.7,272.2,252.0,270.5,119553.935
2024-01-01,267.8,269.9,255.6,259.7,99997.894
2024-01-02,257.1,271.1,254.1,267.8,119838.559
2024-01-03,234.0,268.0,211.3,257.1,214279.411
2024-01-04,239.5,240.3,232.1,234.0,75102.078
2024-01-05,239.3,242.7,228.8,239.6,95347.423
2024-01-06,236.1,243.5,230.8,239.2,69369.673
2024-01-07,232.5,240.0,229.7,236.1,59334.144
2024-01-08,253.9,256.0,221.0,232.5,177168.555
2024-01-09,244.8,257.6,239.4,254.0,146402.993
2024-01-10,254.7,260.2,233.0,244.7,123823.464
2024-01-11,276.1,289.4,250.4,254.8,291913.79
2024-01-12,259.3,298.6,250.1,276.1,322116.121
2024-01-13,254.1,262.5,250.8,259.3,133675.524
2024-01-14,245.7,259.1,245.1,254.1,81778.381
2024-01-15,250.2,257.8,245.1,245.7,68857.593
2024-01-16,251.2,256.3,248.9,250.2,65919.31
2024-01-17,244.2,251.5,240.7,251.2,108380.047
2024-01-18,237.7,245.1,233.2,244.2,71104.092
2024-01-19,236.8,238.2,226.5,237.7,76209.816
2024-01-20,239.1,240.0,235.0,236.8,27061.285
2024-01-21,236.9,243.1,236.5,239.0,31640.023
2024-01-22,235.7,242.8,230.3,236.9,135875.313
2024-01-23,229.6,238.0,219.1,235.7,112117.565
2024-01-24,236.3,238.4,228.5,229.6,70102.531
2024-01-25,236.6,238.7,234.4,236.2,45885.676
2024-01-26,241.8,243.0,234.5,236.6,38870.822
2024-01-27,243.7,245.2,239.2,241.8,42733.632
2024-01-28,236.9,245.9,234.8,243.7,40037.91
2024-01-29,241.3,242.0,234.1,236.9,47720.556
2024-01-30,237.4,243.8,236.3,241.3,40063.404
2024-01-31,234.3,239.0,232.5,237.5,70257.706
2024-02-01,236.6,237.4,230.4,234.2,40860.138
2024-02-02,236.3,238.0,234.4,236.8,22391.865
2024-02-03,241.0,242.2,236.1,236.3,38262.955
2024-02-04,235.2,244.4,232.7,241.0,71465.645
2024-02-05,235.8,238.0,233.9,235.2,37484.432
2024-02-06,235.2,238.4,234.3,235.8,53932.232
2024-02-07,240.6,241.0,234.6,235.1,29816.611
2024-02-08,244.6,245.0,240.3,240.7,43776.723
2024-02-09,250.3,254.0,244.6,244.6,71398.511
2024-02-10,247.8,251.8,243.0,250.3,33287.289
2024-02-11,277.6,283.8,246.7,247.8,430299.996
2024-02-12,280.5,289.8,266.5,277.7,267529.304
2024-02-13,270.4,287.6,266.5,280.5,122646.429
2024-02-14,280.7,295.8,264.6,270.4,247560.019
2024-02-15,270.4,282.6,265.9,280.7,233683.38
2024-02-16,274.2,275.2,265.2,270.3,198667.215
2024-02-17,267.3,274.3,258.4,274.2,83607.423
2024-02-18,270.6,271.9,264.8,267.3,37506.658
2024-02-19,273.1,273.7,266.7,270.5,62070.974
2024-02-20,265.2,274.1,256.0,273.2,122246.646
2024-02-21,263.1,267.1,255.2,265.3,64106.107
2024-02-22,260.4,267.4,259.0,263.0,51094.497
2024-02-23,264.7,267.1,259.4,260.3,53742.343
2024-02-24,267.7,270.6,262.8,264.7,37881.143
2024-02-25,267.9,270.9,265.5,267.7,42202.093
2024-02-26,274.7,276.8,262.2,267.9,79611.431
2024-02-27,292.8,314.0,274.4,274.7,472705.312
2024-02-28,296.4,313.8,278.6,292.8,307986.359
2024-02-29,297.6,323.5,291.0,296.4,357337.47
2024-03-01,316.3,319.8,296.8,297.7,170705.249
2024-03-02,501.1,506.4,315.5,316.3,1102649.19
2024-03-03,470.5,529.2,455.2,501.2,641629.384
2024-03-04,473.5,479.0,433.2,470.4,485575.614
2024-03-05,401.0,481.9,340.0,473.4,431605.458
2024-03-06,415.8,421.6,383.4,400.9,209890.51
2024-03-07,432.1,439.5,397.6,415.7,187382.546
2024-03-08,436.5,446.5,400.0,432.0,194407.486
2024-03-09,432.2,458.4,424.7,436.6,155696.291
2024-03-10,423.4,446.4,411.8,432.1,146516.648
2024-03-11,448.4,456.0,401.1,423.3,232768.146
2024-03-12,435.0,448.5,409.7,448.4,270855.788
2024-03-13,442.5,455.3,423.8,435.0,231275.949
2024-03-14,440.5,474.4,416.1,442.4,372276.878
2024-03-15,416.7,445.0,383.0,440.5,193041.267
2024-03-16,388.6,421.5,381.6,416.7,122231.602
2024-03-17,402.6,407.8,369.0,388.5,125845.582
2024-03-18,401.0,411.7,383.4,402.5,113797.978
2024-03-19,358.8,411.9,351.0,401.3,203229.273
2024-03-20,410.0,412.6,348.0,358.7,193584.598
2024-03-21,414.4,436.5,403.9,409.9,197366.156
2024-03-22,431.4,433.5,391.5,414.5,195896.538
2024-03-23,455.9,475.9,419.6,431.5,311308.987
2024-03-24,485.1,500.0,444.9,455.9,284452.212
2024-03-25,487.4,507.1,472.9,485.1,313321.647
2024-03-26,479.3,495.0,467.8,487.3,158989.486
2024-03-27,539.1,553.6,478.2,479.4,508240.321
2024-03-28,567.4,586.9,527.4,539.0,351119.576
2024-03-29,620.6,640.0,553.1,567.4,403682.722
2024-03-30,597.6,624.2,590.3,620.7,137919.778
2024-03-31,678.7,693.0,586.0,597.7,272976.627
2024-04-01,647.6,705.0,617.4,678.8,432766.705
2024-04-02,639.0,649.9,587.0,647.8,334867.063
2024-04-03,592.8,644.0,561.7,639.2,352889.583
2024-04-04,665.4,683.8,591.3,592.8,558864.969
2024-04-05,657.3,719.5,645.0,665.5,521720.668
2024-04-06,693.9,716.9,656.7,657.5,527039.099
2024-04-07,684.8,710.1,674.7,693.9,166595.478
2024-04-08,681.4,712.9,678.0,684.9,203752.839
2024-04-09,671.8,695.8,656.0,681.4,244522.655
2024-04-10,629.2,673.8,594.7,671.8,303286.498
2024-04-11,614.2,629.4,599.7,629.3,97400.254
2024-04-12,533.2,618.9,487.8,614.2,277284.701
2024-04-13,479.6,551.7,443.0,533.4,310810.007
2024-04-14,525.7,530.9,453.5,479.6,226882.955
2024-04-15,508.3,568.2,490.9,525.6,234628.342
2024-04-16,486.9,510.5,462.5,508.3,199190.727
2024-04-17,463.9,490.7,446.9,486.8,127098.091
2024-04-18,483.0,488.9,453.2,463.7,84325.23
2024-04-19,476.8,492.4,444.3,483.1,121845.411
2024-04-20,515.4,522.5,470.7,476.7,97746.418
2024-04-21,502.2,518.3,493.2,515.3,54528.182
2024-04-22,522.7,528.0,496.2,502.2,60480.944
2024-04-23,505.0,523.4,501.7,522.7,57725.747
2024-04-24,479.4,511.9,474.0,505.0,82120.511
2024-04-25,478.1,486.0,466.8,479.6,69775.358
2024-04-26,482.4,493.5,466.6,478.1,47250.073
2024-04-27,477.1,486.1,462.0,482.7,50248.3
2024-04-28,470.5,488.0,468.2,477.0,30354.967
2024-04-29,465.1,474.5,447.0,470.8,56862.53
2024-04-30,434.1,470.4,420.6,465.2,115595.853
2024-05-01,424.8,436.0,400.0,434.1,123445.69
2024-05-02,429.0,434.7,410.7,424.7,50861.942
2024-05-03,452.6,458.6,425.7,429.1,61238.56
2024-05-04,462.8,480.5,451.9,452.7,64901.955
2024-05-05,469.0,473.1,455.7,463.0,29910.846
2024-05-06,473.1,484.3,462.9,469.1,59984.362
2024-05-07,470.9,494.6,466.2,473.1,77311.278
2024-05-08,448.2,473.7,444.7,470.8,73563.781
2024-05-09,454.8,458.8,442.0,448.1,42676.019
2024-05-10,426.6,456.9,421.3,454.7,57408.003
2024-05-11,429.5,435.8,425.2,426.6,38817.664
2024-05-12,433.0,438.7,427.5,429.5,16312.883
2024-05-13,437.5,448.2,421.5,433.1,48725.138
2024-05-14,429.1,439.5,426.0,437.5,40060.733
2024-05-15,463.7,467.1,423.8,429.1,60865.846
2024-05-16,444.8,465.9,442.4,463.6,36934.91
2024-05-17,466.5,478.5,442.3,444.8,93051.632
2024-05-18,475.4,492.1,464.3,466.6,73575.835
2024-05-19,484.9,497.1,473.0,475.3,86821.512
2024-05-20,517.9,518.6,476.1,485.0,117801.398
2024-05-21,515.0,530.1,510.0,517.9,142481.672
2024-05-22,499.0,515.9,495.1,515.0,73263.527
2024-05-23,491.2,516.4,472.4,499.1,87911.551
2024-05-24,494.9,500.1,480.0,491.2,54448.921
2024-05-25,493.6,501.9,490.9,495.0,37974.681
2024-05-26,484.0,494.4,480.7,493.6,41700.753
2024-05-27,489.6,503.7,481.3,484.1,35570.357
2024-05-28,470.4,489.6,461.2,489.5,80456.843
2024-05-29,465.8,475.3,462.7,470.4,41494.844
2024-05-30,465.1,474.9,459.4,465.7,33226.043
2024-05-31,454.8,469.3,447.6,465.0,36233.256
2024-06-01,463.5,466.4,454.3,454.9,15542.057
2024-06-02,458.3,465.3,452.9,463.6,22551.466
2024-06-03,464.9,471.8,454.4,458.4,36878.02
2024-06-04,477.0,479.9,459.6,465.0,49625.885
2024-06-05,495.2,497.9,476.4,477.1,47356.332
2024-06-06,496.1,502.4,485.8,495.1,56909.874
2024-06-07,477.6,520.9,458.8,496.2,112336.718
2024-06-08,469.5,484.9,465.4,477.6,47932.315
2024-06-09,474.6,476.0,465.0,469.5,19116.672
2024-06-10,469.1,474.9,461.2,474.6,29413.715
2024-06-11,446.2,469.6,434.2,469.1,64910.15
2024-06-12,454.2,466.7,438.9,446.2,54702.676
2024-06-13,431.7,456.1,430.0,454.2,58576.407
2024-06-14,422.9,441.4,406.1,431.8,58451.656
2024-06-15,430.1,432.7,422.4,422.9,26177.131
2024-06-16,428.4,434.0,426.6,430.1,22347.059
2024-06-17,419.7,430.0,403.7,428.5,54034.759
2024-06-18,389.2,421.5,372.2,419.6,112632.025
2024-06-19,388.9,398.4,385.3,389.3,35558.051
2024-06-20,389.8,400.8,385.3,389.0,40354.251
2024-06-21,383.0,397.6,377.0,389.9,46883.277
2024-06-22,392.1,410.1,379.7,383.2,26928.599
2024-06-23,381.1,396.6,378.4,392.0,26081.115
2024-06-24,363.8,384.3,343.9,381.0,94725.959
2024-06-25,388.6,396.7,363.7,364.0,76738.731
2024-06-26,374.0,397.2,373.5,388.8,52720.322
2024-06-27,389.0,395.5,369.9,373.9,46924.314
2024-06-28,386.0,407.0,384.0,389.0,67553.476
2024-06-29,380.9,390.2,379.1,386.1,22719.815
2024-06-30,394.0,397.5,378.6,380.9,20405.184
2024-07-01,384.6,398.6,382.1,394.0,26682.023
2024-07-02,382.1,394.2,378.4,384.5,23202.276
2024-07-03,373.2,382.8,368.3,382.1,30944.581
2024-07-04,331.4,374.5,330.3,373.2,91812.673
2024-07-05,325.5,331.8,288.4,331.5,157825.595
2024-07-06,342.9,344.0,319.8,325.5,42575.469
2024-07-07,312.7,343.1,310.5,343.1,35767.798
2024-07-08,333.5,338.1,298.9,312.7,64121.59
2024-07-09,331.1,340.8,328.4,333.5,30953.188
2024-07-10,340.3,346.6,326.7,331.1,39873.019
2024-07-11,347.1,368.9,335.7,340.3,67116.21
2024-07-12,368.9,370.0,340.5,347.1,38731.96
2024-07-13,375.6,380.0,368.9,368.9,56019.085
2024-07-14,376.6,387.9,363.9,375.7,52861.191
2024-07-15,400.2,401.5,375.6,376.5,52218.022
2024-07-16,387.1,405.3,369.5,400.2,86994.926
2024-07-17,375.1,400.6,371.5,387.1,74347.203
2024-07-18,382.8,386.5,369.4,375.3,51126.184
2024-07-19,391.4,400.3,369.8,382.8,60095.154
2024-07-20,395.5,398.9,385.6,391.5,27968.6
2024-07-21,401.3,401.5,378.1,395.4,40563.724
2024-07-22,385.9,404.6,382.8,401.3,45420.815
2024-07-23,366.5,392.8,360.7,385.9,76251.474
2024-07-24,362.4,374.8,359.1,366.4,40900.33
2024-07-25,361.4,365.2,346.7,362.4,67584.522
2024-07-26,377.3,379.0,361.1,361.4,34611.408
2024-07-27,392.4,398.2,376.7,377.3,58201.825
2024-07-28,416.8,423.6,388.9,392.5,96659.636
2024-07-29,439.0,459.2,413.8,416.8,144369.021
2024-07-30,432.4,446.7,428.0,439.0,98813.806
2024-07-31,413.9,441.4,411.3,432.5,69143.858
2024-08-01,413.3,423.5,389.8,413.9,66496.798
2024-08-02,381.6,417.5,379.5,413.2,65059.105
2024-08-03,364.4,386.1,354.7,381.5,63097.818
2024-08-04,332.5,367.4,331.0,364.4,99325.458
2024-08-05,309.9,335.7,272.7,332.5,309239.202
2024-08-06,315.0,330.2,307.2,309.9,119116.007
2024-08-07,312.4,327.8,308.8,315.0,63735.526
2024-08-08,353.1,372.2,308.2,312.5,114887.392
2024-08-09,347.6,357.9,336.1,353.1,93404.989
2024-08-10,354.9,359.0,345.4,347.6,34079.0
2024-08-11,330.2,358.6,327.4,354.9,25718.954
2024-08-12,354.9,360.1,328.8,330.2,82969.97
2024-08-13,351.7,365.4,343.5,354.8,63188.202
2024-08-14,337.7,352.6,334.8,351.6,44204.927
2024-08-15,334.3,344.3,327.4,337.7,46218.338
2024-08-16,338.2,346.8,328.1,334.3,86342.629
2024-08-17,341.3,348.0,335.7,337.9,31169.227
2024-08-18,333.1,345.5,332.9,341.2,24835.24
2024-08-19,338.0,339.7,330.4,333.2,23449.473
2024-08-20,335.2,346.8,331.3,337.9,51804.157
2024-08-21,349.4,355.5,333.1,335.2,75647.098
2024-08-22,346.8,352.2,342.0,349.4,28477.576
2024-08-23,365.1,369.0,346.4,346.7,47960.348
2024-08-24,363.6,369.2,357.4,365.2,36840.788
2024-08-25,356.3,364.9,350.0,363.7,45767.255
2024-08-26,342.3,358.1,339.4,356.3,69526.523
2024-08-27,324.2,347.2,314.8,342.4,45055.641
2024-08-28,322.1,330.7,314.2,324.1,47247.718
2024-08-29,322.5,331.0,317.1,322.0,25674.625
2024-08-30,324.9,327.2,314.8,322.5,26233.689
2024-08-31,322.4,326.8,319.9,324.9,9991.838
2024-09-01,312.7,322.8,310.4,322.3,18767.351
2024-09-02,323.7,325.9,310.6,312.6,31088.343
2024-09-03,308.9,326.3,308.5,323.7,62875.806
2024-09-04,315.2,319.5,296.0,308.8,44742.701
2024-09-05,307.6,317.0,303.4,315.1,24052.7
2024-09-06,295.0,312.8,286.0,307.7,51998.992
2024-09-07,299.4,308.3,293.2,294.9,24333.15
2024-09-08,305.4,308.3,298.7,299.4,19916.176
2024-09-09,322.2,325.9,304.8,305.3,35098.296
2024-09-10,329.5,332.0,318.1,322.3,34693.242
2024-09-11,337.6,343.9,319.7,329.5,46519.441
2024-09-12,333.0,341.0,330.0,337.5,37359.979
2024-09-13,335.5,337.8,326.9,332.9,28798.904
2024-09-14,327.0,337.8,325.3,335.7,18588.306
2024-09-15,316.4,329.2,313.9,327.0,26702.408
2024-09-16,311.8,317.3,308.9,316.4,31470.281
2024-09-17,314.3,321.6,309.3,311.8,26210.359
2024-09-18,327.0,328.1,306.2,314.3,40596.043
2024-09-19,340.0,349.8,326.3,327.0,109539.269
2024-09-20,335.8,345.5,332.4,340.0,50785.321
2024-09-21,345.5,346.8,331.0,335.8,26013.128
2024-09-22,342.6,347.3,333.9,345.5,23322.229
2024-09-23,342.0,349.3,335.9,342.7,35302.721
2024-09-24,348.0,351.8,336.9,341.9,50996.116
2024-09-25,343.5,355.7,341.3,348.1,44952.297
2024-09-26,351.8,358.3,338.9,343.6,47980.221
2024-09-27,358.8,364.6,351.7,351.8,56981.37
2024-09-28,352.3,361.1,345.8,358.8,40850.287
2024-09-29,352.6,358.2,345.6,352.4,35946.43
2024-09-30,337.2,353.8,334.5,352.6,41371.641
2024-10-01,317.8,347.6,310.8,337.3,67265.845
2024-10-02,316.1,324.5,309.1,317.8,41890.943
2024-10-03,320.3,323.9,307.8,316.1,45637.24
2024-10-04,324.8,326.1,318.1,320.4,34666.103
2024-10-05,321.8,325.6,318.2,324.9,17626.623
2024-10-06,324.6,325.9,320.9,321.9,13598.935
2024-10-07,323.7,333.3,320.1,324.6,61609.359
2024-10-08,329.1,333.8,321.7,323.7,38980.417
2024-10-09,320.6,330.6,317.9,329.2,26568.695
2024-10-10,323.0,325.8,317.2,320.6,28703.27
2024-10-11,327.0,329.1,321.9,323.0,21959.354
2024-10-12,329.2,333.5,324.8,327.0,18798.086
2024-10-13,321.3,329.9,317.3,329.2,20785.631
2024-10-14,369.6,370.7,318.9,321.4,117572.278
2024-10-15,354.7,386.8,344.6,369.6,153079.095
2024-10-16,365.6,371.5,351.3,354.7,108696.072
2024-10-17,369.7,375.8,360.4,365.5,74433.261
2024-10-18,367.3,377.5,362.8,369.9,62474.544
2024-10-19,363.3,369.0,361.4,367.2,25484.622
2024-10-20,369.9,371.6,357.3,363.3,45282.15
2024-10-21,363.6,379.0,358.9,369.8,55252.243
2024-10-22,357.3,366.6,354.1,363.7,33845.393
2024-10-23,348.1,357.7,338.6,357.4,37884.76
2024-10-24,367.9,371.5,346.6,348.1,86440.166
2024-10-25,349.1,374.3,339.2,368.0,84956.023
2024-10-26,348.0,357.2,346.0,349.0,23066.772
2024-10-27,352.2,354.7,347.0,348.1,19246.264
2024-10-28,365.3,368.4,344.0,352.2,48891.891
2024-10-29,386.1,389.4,363.7,365.4,99948.875
2024-10-30,368.9,387.8,365.7,386.1,93514.486
2024-10-31,358.9,378.3,349.8,368.9,117379.024
2024-11-01,349.6,360.2,343.5,358.8,49669.874
2024-11-02,353.7,357.6,341.3,349.5,41864.411
2024-11-03,340.1,354.3,333.8,353.7,58550.997
2024-11-04,329.2,342.7,322.0,340.0,64677.331
2024-11-05,342.9,345.4,326.5,329.2,48597.015
2024-11-06,378.4,384.4,342.6,343.0,157446.699
2024-11-07,377.5,386.9,370.5,378.4,69185.692
2024-11-08,377.0,383.8,364.3,377.5,79484.476
2024-11-09,405.0,407.3,369.5,377.0,107552.684
2024-11-10,441.3,454.4,394.8,404.9,266010.597
2024-11-11,472.6,482.6,422.3,441.3,206008.655
2024-11-12,432.3,474.4,418.1,472.7,236775.383
2024-11-13,439.4,450.7,403.2,432.3,216594.094
2024-11-14,415.0,445.9,410.0,439.6,135347.986
2024-11-15,431.6,436.7,410.0,415.0,90753.293
2024-11-16,461.7,483.5,428.4,431.5,169316.704
2024-11-17,433.1,488.7,424.5,461.8,173129.957
2024-11-18,452.5,471.5,430.2,433.1,115691.606
2024-11-19,446.8,460.3,438.1,452.5,93371.82
2024-11-20,439.9,454.6,428.7,446.7,71308.954
2024-11-21,484.4,536.2,428.6,440.1,465856.503
2024-11-22,490.5,503.1,472.1,484.4,167475.843
2024-11-23,510.1,568.5,485.9,490.4,350436.88
2024-11-24,515.2,527.8,477.7,510.1,178534.661
2024-11-25,491.9,532.9,483.2,515.3,175587.534
2024-11-26,492.2,505.1,471.0,491.7,105105.978
2024-11-27,517.4,524.3,484.8,492.2,140364.665
2024-11-28,511.1,525.0,497.5,517.4,114526.217
2024-11-29,518.3,522.9,499.6,511.1,82876.697
2024-11-30,525.9,540.0,505.0,518.4,136173.692
2024-12-01,532.0,538.2,509.9,526.1,121566.902
2024-12-02,538.3,562.0,494.7,532.1,345917.604
2024-12-03,585.6,591.7,511.5,538.3,325737.133
2024-12-04,583.7,601.9,541.3,585.6,301050.337
2024-12-05,588.6,634.7,550.0,583.7,347262.495
2024-12-06,618.6,640.0,579.8,588.5,211193.935
2024-12-07,607.6,626.7,604.3,618.7,110729.61
2024-12-08,622.3,625.1,601.0,607.6,111609.534
2024-12-09,551.5,623.8,514.4,622.3,233104.499
2024-12-10,516.2,564.4,485.2,551.6,205080.318
2024-12-11,546.6,550.5,502.7,516.2,110326.96
2024-12-12,540.1,564.2,537.1,546.6,84599.178
2024-12-13,542.5,543.9,525.9,540.1,52272.34
2024-12-14,534.0,551.7,519.8,542.4,51294.246
2024-12-15,546.2,550.4,524.5,534.1,48442.162
2024-12-16,538.1,557.1,522.0,546.3,71069.409
2024-12-17,529.9,547.5,524.1,538.1,64058.713
2024-12-18,480.4,543.5,472.9,530.1,107217.708
2024-12-19,438.7,488.9,421.3,480.3,142735.545
2024-12-20,449.2,451.5,390.5,438.8,162809.987
2024-12-21,456.1,472.9,442.4,449.2,99052.004
2024-12-22,445.8,461.3,434.4,456.0,62012.774
2024-12-23,460.9,466.2,432.4,445.8,72723.234
2024-12-24,470.3,478.8,450.5,460.9,46815.964
2024-12-25,465.4,471.5,455.2,470.2,36949.757
2024-12-26,437.3,468.3,433.0,465.3,35051.619
2024-12-27,441.3,462.7,434.7,437.2,41854.884
2024-12-28,451.6,453.8,438.4,441.2,17568.1
2024-12-29,439.1,453.9,435.3,451.6,20635.72
2024-12-30,444.0,453.4,428.9,439.0,44107.518
2024-12-31,434.5,455.5,433.1,444.1,41352.763
2025-01-01,450.5,455.8,430.5,434.5,44553.896
2025-01-02,461.7,466.6,450.5,450.5,39016.455
2025-01-03,473.9,477.5,455.6,461.7,37519.247
2025-01-04,478.9,483.1,468.7,473.8,53145.46
2025-01-05,470.9,479.8,462.5,478.9,23617.335
2025-01-06,483.0,485.9,464.6,471.1,41803.503
2025-01-07,436.9,486.3,435.4,482.9,72470.773
2025-01-08,434.4,442.2,418.2,437.0,53854.644
2025-01-09,421.9,437.2,411.3,434.3,38248.776
2025-01-10,450.1,450.7,420.5,421.9,68266.424
2025-01-11,441.0,451.2,435.9,450.4,20797.216
2025-01-12,447.9,464.0,436.4,440.9,53073.334
2025-01-13,428.0,454.2,400.5,448.0,61397.623
2025-01-14,437.9,441.5,426.3,428.0,32409.139
2025-01-15,460.3,463.5,431.0,437.9,51042.809
2025-01-16,461.7,471.5,446.4,460.3,89200.329
2025-01-17,489.4,500.6,461.7,461.7,87609.281
2025-01-18,466.4,495.0,458.2,489.5,91366.892
2025-01-19,427.7,471.3,418.9,466.4,105200.665
2025-01-20,430.9,483.8,415.4,427.7,138831.122
2025-01-21,446.5,454.7,419.7,430.9,51102.622
2025-01-22,435.4,451.4,433.4,446.5,27376.852
2025-01-23,437.3,447.5,425.2,435.4,49328.636
2025-01-24,432.0,443.1,426.4,437.4,39003.015
2025-01-25,445.4,455.4,430.5,432.1,42792.866
2025-01-26,425.2,448.1,424.6,445.4,21499.955
2025-01-27,427.6,429.0,396.1,425.2,71845.878
2025-01-28,410.5,431.7,406.7,427.6,23060.808
2025-01-29,415.0,421.8,404.3,410.5,29165.449
2025-01-30,434.7,439.2,412.6,415.1,40066.393
2025-01-31,424.2,445.3,419.8,434.8,55827.366
2025-02-01,404.0,431.5,400.0,424.3,40112.879
2025-02-02,360.4,410.4,341.5,404.0,121215.183
2025-02-03,353.2,360.6,270.0,360.6,347965.553
2025-02-04,329.7,355.7,321.1,353.2,84013.259
2025-02-05,328.0,338.3,323.2,329.8,46120.867
2025-02-06,316.2,335.2,313.7,328.1,40946.188
2025-02-07,318.6,335.2,308.4,316.2,45116.082
2025-02-08,323.1,324.3,314.7,318.6,17735.813
2025-02-09,324.5,329.4,312.8,323.2,33479.489
2025-02-10,329.3,334.6,315.4,324.4,35027.459
2025-02-11,331.4,344.4,325.7,329.3,35065.303
2025-02-12,343.1,347.0,321.3,331.3,47326.122
2025-02-13,335.0,345.8,327.4,343.1,29908.421
2025-02-14,341.5,351.0,334.3,335.1,31536.683
2025-02-15,332.9,345.7,331.0,341.5,16957.322
2025-02-16,326.3,335.0,325.6,333.0,15851.079
2025-02-17,323.8,337.0,317.1,326.2,49287.459
2025-02-18,316.3,325.3,307.6,323.9,37198.769
2025-02-19,322.8,324.3,311.8,316.2,27204.96
2025-02-20,325.9,327.2,320.0,322.8,20291.238
2025-02-21,313.8,334.1,309.8,326.0,28051.526
2025-02-22,320.9,322.6,312.6,313.9,18231.037
2025-02-23,327.8,332.4,320.5,321.0,27817.291
2025-02-24,291.5,329.5,287.5,327.9,59585.941
2025-02-25,291.8,296.7,275.2,291.6,85133.301
2025-02-26,294.0,301.4,284.4,291.8,56638.503
2025-02-27,296.8,303.5,290.1,293.9,33568.122
2025-02-28,315.8,320.1,269.8,296.9,117975.321
2025-03-01,311.4,324.4,307.6,315.9,51185.051
2025-03-02,334.2,341.5,309.9,311.5,116420.703
2025-03-03,321.3,357.5,310.9,334.2,230536.197
2025-03-04,320.5,330.2,291.1,321.4,125256.19
2025-03-05,392.2,399.9,319.5,320.6,371605.547
2025-03-06,395.0,420.0,383.7,392.3,198925.873
2025-03-07,389.0,410.5,382.9,395.0,169510.238
2025-03-08,385.9,396.3,376.6,389.0,64530.725
2025-03-09,357.5,387.0,355.9,385.8,74306.294
2025-03-10,331.7,372.8,330.6,357.6,96571.547
2025-03-11,340.2,350.9,316.0,331.8,79397.781
2025-03-12,354.0,361.5,329.8,340.2,99152.327
2025-03-13,325.9,355.8,323.9,353.9,46519.058
2025-03-14,331.4,335.9,325.2,326.0,65046.263
2025-03-15,342.3,353.2,328.0,331.4,210973.457
2025-03-16,332.9,342.5,325.0,342.3,36851.361
2025-03-17,337.5,342.4,331.0,333.0,35104.02
2025-03-18,335.3,343.6,329.2,337.5,35380.791
2025-03-19,345.3,346.8,332.3,335.3,48205.129
2025-03-20,333.8,349.9,330.1,345.3,45100.349
2025-03-21,323.2,335.7,320.1,333.7,40086.343
2025-03-22,322.4,326.3,320.9,323.2,22669.174
2025-03-23,325.4,326.0,320.4,322.3,23856.987
2025-03-24,332.5,336.8,321.5,325.3,39858.979
2025-03-25,336.0,340.0,326.5,332.5,39064.765
2025-03-26,335.1,342.1,328.4,336.1,85556.732
2025-03-27,324.7,340.0,321.1,335.2,49687.401
2025-03-28,307.7,328.4,304.7,324.8,35278.042
2025-03-29,303.3,309.1,298.6,307.7,27689.899
2025-03-30,299.2,308.2,293.8,303.4,24186.933
2025-03-31,303.5,306.1,289.8,299.3,58453.875
2025-04-01,308.1,318.7,302.3,303.5,35726.95
2025-04-02,293.0,317.3,290.2,308.2,73469.756
2025-04-03,301.3,307.8,291.5,293.1,54662.45
2025-04-04,301.4,310.2,294.2,301.4,43123.868
2025-04-05,304.1,304.4,297.1,301.4,15461.303
2025-04-06,272.2,308.3,265.4,304.1,56611.326
2025-04-07,275.4,282.2,249.4,272.3,88888.61
2025-04-08,269.2,284.8,266.9,275.4,38724.576
2025-04-09,301.4,311.5,259.1,269.2,84182.799
2025-04-10,289.8,304.0,282.4,301.3,36769.936
2025-04-11,312.9,316.1,289.5,289.8,78188.394
2025-04-12,344.7,358.9,311.3,312.8,80210.878
2025-04-13,342.8,353.5,336.1,344.7,43455.549
2025-04-14,323.6,375.0,322.9,342.8,89607.553
2025-04-15,319.6,337.6,317.0,323.6,51537.035
2025-04-16,321.6,325.8,314.1,319.6,28670.514
2025-04-17,334.0,340.6,320.9,321.6,47653.836
2025-04-18,335.0,345.0,327.3,334.0,32464.916
2025-04-19,335.4,340.1,332.5,335.1,14217.261
2025-04-20,336.1,342.7,331.5,335.4,27170.606
2025-04-21,345.0,348.2,335.7,336.2,46746.311
2025-04-22,362.3,365.0,336.9,345.1,82331.517
2025-04-23,358.3,364.0,353.6,362.3,61558.221
2025-04-24,356.7,368.7,343.3,358.2,103046.636
2025-04-25,373.1,384.9,348.0,356.8,102987.973
2025-04-26,355.4,377.4,355.0,373.1,54881.373
2025-04-27,345.5,360.1,344.8,355.4,46972.594
2025-04-28,364.1,370.6,341.6,345.6,59935.047
2025-04-29,363.8,378.0,360.6,364.2,72593.636
2025-04-30,366.1,369.7,354.9,363.7,46643.859
2025-05-01,360.8,375.1,360.1,366.1,37888.917
2025-05-02,382.8,387.1,359.1,360.8,76273.509
2025-05-03,362.7,383.6,362.3,382.8,48350.15
2025-05-04,356.2,371.2,352.9,362.7,41601.952
2025-05-05,353.3,361.3,349.2,356.2,25766.821
2025-05-06,374.6,374.8,350.4,353.4,77302.329
2025-05-07,383.5,391.7,355.0,374.7,99412.597
2025-05-08,421.8,430.5,381.0,383.6,156646.916
2025-05-09,413.7,429.6,402.9,421.8,106699.74
2025-05-10,431.2,433.3,409.9,413.7,61314.569
2025-05-11,408.4,432.2,401.9,431.1,52024.634
2025-05-12,410.8,419.8,396.0,408.4,66511.317
2025-05-13,411.2,416.0,391.4,410.8,38880.608
2025-05-14,402.7,414.6,398.6,411.3,32396.364
2025-05-15,396.1,405.1,383.1,402.7,50236.8
2025-05-16,395.9,404.0,392.7,396.1,27132.16
2025-05-17,392.3,401.7,385.8,395.9,30414.328
2025-05-18,406.5,408.1,389.0,392.3,37753.83
2025-05-19,392.7,408.6,375.7,406.5,36738.028
2025-05-20,394.1,398.6,383.9,392.8,21143.562
2025-05-21,407.2,412.3,390.2,394.2,42819.45
2025-05-22,444.4,446.2,407.2,407.2,107258.217
2025-05-23,426.4,462.0,423.9,444.5,102905.575
2025-05-24,421.4,432.5,419.1,426.5,24777.968
2025-05-25,422.7,427.3,407.6,421.5,27101.743
2025-05-26,415.4,428.7,412.9,422.6,25935.841
2025-05-27,414.6,424.3,408.3,415.3,25926.633
2025-05-28,424.8,427.6,404.4,414.7,28637.537
2025-05-29,409.6,428.1,405.4,424.8,31238.374
2025-05-30,398.4,414.6,394.2,409.6,37741.864
2025-05-31,415.0,422.7,388.8,398.5,48950.752
2025-06-01,403.4,415.5,397.0,415.1,20000.137
2025-06-02,403.6,407.2,397.0,403.4,17796.181
2025-06-03,400.7,409.0,399.8,403.6,19108.809
2025-06-04,400.2,410.7,396.8,400.7,16472.876
2025-06-05,385.0,405.0,377.5,400.2,36244.261
2025-06-06,395.6,399.7,380.4,385.2,35734.452
2025-06-07,409.4,411.7,393.7,395.7,38699.571
2025-06-08,410.8,419.7,406.3,409.5,24440.277
2025-06-09,424.9,429.7,410.6,410.9,37221.322
2025-06-10,438.2,443.5,417.8,425.0,86515.816
2025-06-11,428.9,447.2,421.7,438.1,106365.549
2025-06-12,424.0,441.8,423.3,428.8,37375.468
2025-06-13,448.7,454.0,397.7,424.0,91918.58
2025-06-14,430.9,450.2,421.1,448.8,34424.81
2025-06-15,460.4,469.9,431.0,431.0,75780.609
2025-06-16,463.7,476.5,450.0,460.4,84831.992
2025-06-17,462.6,483.2,456.8,463.6,85599.488
2025-06-18,459.7,481.5,456.6,462.7,49330.154
2025-06-19,497.1,505.2,453.1,459.7,136996.729
2025-06-20,473.7,501.0,472.1,497.2,83574.092
2025-06-21,467.3,479.3,457.7,473.7,44332.58
2025-06-22,454.9,470.6,436.9,467.4,162641.385
2025-06-23,462.7,470.0,437.7,454.9,73916.037
2025-06-24,453.8,467.4,448.9,462.7,52913.653
2025-06-25,482.8,494.9,453.5,453.9,123078.933
2025-06-26,489.2,507.3,481.5,482.8,74856.578
2025-06-27,504.8,510.5,484.2,489.1,69937.872
2025-06-28,491.0,505.3,487.0,504.8,33933.251
2025-06-29,504.5,508.9,488.4,491.0,42443.137
2025-06-30,505.7,522.4,488.1,504.5,68960.109
2025-07-01,500.2,530.0,497.3,505.8,95849.299
2025-07-02,510.9,512.2,498.5,500.3,44958.517
2025-07-03,496.4,515.0,490.9,511.0,53299.198
2025-07-04,483.9,496.7,468.8,496.4,50309.419
2025-07-05,489.3,489.7,480.6,484.0,22673.019
2025-07-06,491.5,500.3,482.8,489.4,24353.735
2025-07-07,496.6,500.3,487.5,491.5,26412.364
2025-07-08,501.1,508.4,493.9,496.6,30667.256
2025-07-09,514.5,516.9,499.9,501.2,50698.16
2025-07-10,518.4,521.1,501.3,514.5,67726.536
2025-07-11,531.5,539.4,513.9,518.5,75313.609
2025-07-12,506.3,535.2,502.0,531.5,54446.243
2025-07-13,508.0,514.1,501.0,506.3,53421.991
2025-07-14,504.9,527.2,498.0,508.1,55081.924
2025-07-15,497.9,505.9,481.9,504.9,41908.422
2025-07-16,498.7,508.8,491.1,498.0,44220.24
2025-07-17,500.0,505.1,487.3,498.8,48551.577
2025-07-18,514.5,541.9,499.1,500.0,119750.317
2025-07-19,513.1,522.5,501.8,514.5,46244.337
2025-07-20,548.0,553.5,509.1,513.1,108500.905
2025-07-21,522.6,548.6,516.8,548.0,170042.922
2025-07-22,526.1,535.2,511.4,522.7,69803.008
2025-07-23,512.2,529.8,497.5,526.2,71635.653
2025-07-24,513.0,528.5,490.2,512.2,130810.703
2025-07-25,557.3,565.0,509.3,513.0,171946.478
2025-07-26,559.1,563.3,551.4,557.3,35736.241
2025-07-27,590.0,608.2,555.4,559.0,134446.939
2025-07-28,572.6,607.2,568.9,590.0,116811.607
2025-07-29,564.2,587.1,560.2,572.6,59556.726
2025-07-30,590.1,595.1,551.2,564.2,77233.16
2025-07-31,561.5,597.1,560.3,590.1,62659.315
2025-08-01,536.2,577.3,527.8,561.4,60868.686
2025-08-02,520.2,544.3,517.9,536.2,28246.051
2025-08-03,544.2,548.4,514.5,520.2,22055.577
2025-08-04,574.5,581.9,544.2,544.3,59696.97
2025-08-05,551.8,584.2,541.6,574.4,72354.106
2025-08-06,571.1,573.7,547.5,551.7,35713.657
2025-08-07,582.2,585.4,567.2,571.1,191182.855
2025-08-08,586.0,589.3,572.7,582.2,34369.08
2025-08-09,566.1,592.3,565.1,585.9,37699.87
2025-08-10,570.5,586.8,559.3,566.2,44724.008
2025-08-11,578.5,600.0,569.7,570.4,81323.391
2025-08-12,618.8,626.5,578.2,578.6,108077.277
2025-08-13,616.2,634.3,601.2,618.9,123882.679
2025-08-14,593.2,627.2,578.9,616.3,90929.522
2025-08-15,592.5,602.0,580.1,593.2,33935.026
2025-08-16,587.3,597.8,575.5,592.5,18199.24
2025-08-17,582.0,592.2,580.2,587.3,21580.669
2025-08-18,568.8,582.5,560.7,582.1,30721.151
2025-08-19,548.5,573.7,547.6,568.9,27576.515
2025-08-20,560.9,562.8,543.2,548.5,29304.046
2025-08-21,554.7,565.0,550.2,560.9,23171.963
2025-08-22,599.8,608.0,550.6,554.8,66814.965
2025-08-23,591.3,601.8,584.2,599.8,36268.322
2025-08-24,583.2,600.0,581.9,591.4,29071.398
2025-08-25,543.6,589.6,536.1,583.3,46152.479
2025-08-26,550.9,556.4,532.4,543.6,59689.001
2025-08-27,550.2,564.0,544.2,550.9,49634.208
2025-08-28,557.9,567.0,548.4,550.2,20413.265
2025-08-29,530.7,560.4,527.2,557.9,91087.191
2025-08-30,552.8,554.3,524.0,530.8,38450.048
2025-08-31,544.2,556.0,542.4,552.8,22285.821
2025-09-01,545.1,552.0,530.0,544.2,39807.815
2025-09-02,584.7,587.7,543.4,545.2,85623.251
2025-09-03,603.7,612.5,578.5,584.7,132537.686
2025-09-04,586.6,604.6,583.1,603.6,52590.844
2025-09-05,606.8,629.8,584.7,586.6,153538.911
2025-09-06,595.3,617.2,583.6,606.8,102093.53
2025-09-07,603.2,608.5,593.3,595.2,23119.197
2025-09-08,588.4,606.1,585.4,603.2,94263.031
2025-09-09,580.5,594.3,574.5,588.3,62742.771
2025-09-10,581.1,591.1,576.9,580.4,48566.109
2025-09-11,596.4,604.1,576.1,581.0,65679.152
2025-09-12,598.3,601.8,587.2,596.3,39108.596
2025-09-13,598.5,605.5,593.8,598.4,30294.454
2025-09-14,601.6,607.3,588.1,598.6,50172.323
2025-09-15,593.7,616.9,587.8,601.5,41905.517
2025-09-16,598.8,601.9,588.9,593.7,20308.14
2025-09-17,616.7,625.7,590.5,598.7,56876.096
2025-09-18,624.4,651.0,612.3,616.8,104972.479
2025-09-19,600.6,632.4,598.0,624.3,51420.182
2025-09-20,594.5,606.9,593.1,600.6,18318.968
2025-09-21,593.6,602.3,593.5,594.5,11037.133
2025-09-22,567.1,594.8,553.0,593.6,41757.036
2025-09-23,556.7,569.8,553.7,567.1,38572.096
2025-09-24,556.4,563.7,548.5,556.7,21315.882
2025-09-25,536.5,557.5,531.5,556.4,41678.736
2025-09-26,548.1,551.1,534.4,536.5,22936.742
2025-09-27,543.7,548.1,539.5,548.1,6722.933
2025-09-28,556.4,558.2,535.8,543.7,20975.3
2025-09-29,561.0,563.1,550.0,556.4,17868.091
2025-09-30,560.6,563.2,549.2,561.0,19237.268
2025-10-01,592.8,600.0,559.4,560.6,39731.767
2025-10-02,594.5,598.1,579.9,592.8,47411.802
2025-10-03,608.5,615.3,590.8,594.5,37951.908
2025-10-04,589.9,609.4,584.3,608.5,20534.869
2025-10-05,594.2,615.3,587.6,590.0,30815.17
2025-10-06,598.8,606.7,592.1,594.3,17978.129
2025-10-07,576.2,599.9,574.1,598.9,28936.468
2025-10-08,583.1,588.0,573.2,576.3,13300.528
2025-10-09,580.0,594.3,568.3,583.2,24992.372
2025-10-10,513.5,601.2,482.0,579.9,158421.141
2025-10-11,500.1,540.3,477.7,513.4,76072.051
2025-10-12,540.7,545.4,495.6,500.1,53846.725
2025-10-13,546.5,549.4,530.7,540.6,32077.736
2025-10-14,538.0,547.2,507.6,546.5,138364.629
2025-10-15,522.2,546.0,517.4,538.0,23601.449
2025-10-16,504.8,529.7,501.3,522.2,29780.766
2025-10-17,469.8,510.8,443.2,504.8,109617.497
2025-10-18,468.5,483.7,462.2,469.8,24439.907
2025-10-19,472.7,479.1,456.6,468.4,38553.232
2025-10-20,478.7,486.6,467.0,472.6,39713.623
2025-10-21,480.8,515.5,464.0,478.7,115892.321
2025-10-22,473.2,486.0,462.2,480.8,32576.111
2025-10-23,480.3,491.9,472.7,473.2,181958.644
2025-10-24,503.2,510.0,478.3,480.3,54287.727
2025-10-25,508.2,512.8,495.9,503.2,50338.594
2025-10-26,559.4,565.7,508.2,508.2,100673.139
2025-10-27,555.6,580.0,545.8,559.4,86828.777
2025-10-28,557.6,580.0,550.0,555.6,150063.487
2025-10-29,555.6,566.7,546.9,557.6,75881.151
2025-10-30,541.2,576.2,527.3,555.6,78455.106
2025-10-31,535.1,568.1,532.6,541.2,79423.966
2025-11-01,554.0,563.0,531.1,535.1,57782.0
2025-11-02,536.9,556.1,522.9,554.1,53863.402
2025-11-03,505.9,537.0,492.6,536.9,63621.999
2025-11-04,480.0,512.7,460.3,505.9,70285.875
2025-11-05,489.1,494.6,460.5,480.1,25353.458
2025-11-06,472.9,489.9,464.2,489.1,23718.467
2025-11-07,512.3,524.8,470.4,473.0,186171.869
2025-11-08,495.8,515.6,485.8,512.4,20711.574
2025-11-09,503.5,507.3,488.7,495.7,30337.769
2025-11-10,517.6,525.7,500.8,503.5,33742.937
2025-11-11,505.7,532.1,503.8,517.6,74373.851
2025-11-12,507.4,532.6,498.4,505.7,42374.514
2025-11-13,509.3,531.6,494.1,507.3,83367.445
2025-11-14,479.6,518.1,475.6,509.3,52378.561
2025-11-15,502.5,519.8,479.4,479.6,53795.099
2025-11-16,483.4,504.4,472.5,502.4,26967.15
2025-11-17,490.8,515.6,480.8,483.4,42251.379
2025-11-18,523.2,538.0,475.8,490.7,101787.353
2025-11-19,486.4,523.4,470.9,523.2,58385.656
2025-11-20,480.8,513.0,474.1,486.4,77540.035
2025-11-21,533.5,550.7,446.9,480.8,171524.787
2025-11-22,556.7,568.1,521.2,533.5,152643.725
2025-11-23,539.3,558.5,536.5,556.7,66458.993
2025-11-24,549.3,564.5,537.1,539.3,67672.654
2025-11-25,527.3,550.0,516.2,549.4,51763.364
2025-11-26,543.7,549.1,525.9,527.3,118543.402
2025-11-27,532.7,551.0,531.4,543.7,51401.123
2025-11-28,548.6,554.6,530.8,532.7,180678.262
2025-11-29,521.5,548.8,517.5,548.7,89057.137
2025-11-30,540.8,562.6,518.1,521.6,82833.151
2025-12-01,523.2,544.8,508.8,540.7,94571.734
2025-12-02,545.3,558.5,519.9,523.1,84212.038
2025-12-03,590.6,607.4,543.5,545.3,143540.998
2025-12-04,574.9,600.0,566.3,590.5,57320.174
2025-12-05,559.6,583.7,557.0,574.9,42663.376
2025-12-06,583.5,596.9,557.9,559.6,49121.844
2025-12-07,598.5,605.0,567.7,583.6,41420.536
2025-12-08,579.1,605.0,575.8,598.5,36561.435
2025-12-09,585.0,591.3,570.0,579.2,96628.13
2025-12-10,572.6,588.9,558.8,584.9,96044.058
2025-12-11,574.3,576.6,551.5,572.7,45546.917
2025-12-12,581.9,588.4,567.9,574.3,59279.981
2025-12-13,579.9,586.8,568.2,581.9,19244.263
2025-12-14,558.3,585.3,554.2,580.0,30902.916
2025-12-15,536.1,573.8,518.5,558.2,50432.952
2025-12-16,546.3,557.8,527.7,536.1,39953.943
2025-12-17,546.7,568.8,539.8,546.2,51341.419
2025-12-18,565.9,588.0,528.1,546.6,101010.714
2025-12-19,624.9,631.7,557.1,565.9,97388.929
2025-12-20,592.1,625.9,588.5,624.8,62967.314
2025-12-21,591.1,602.9,576.8,592.0,30621.097
2025-12-22,590.4,598.6,571.4,591.2,63563.171
2025-12-23,572.5,593.9,570.6,590.4,33806.856
2025-12-24,568.7,581.1,563.3,572.6,46526.491
2025-12-25,589.8,600.1,566.4,568.7,42451.451
2025-12-26,594.9,614.5,586.8,589.7,51345.087
2025-12-27,623.4,625.8,593.2,594.8,41932.253
2025-12-28,622.4,638.0,610.5,623.3,53213.955
2025-12-29,599.2,627.2,592.9,622.4,103775.537
2025-12-30,595.8,608.1,591.3,599.2,67362.527
2025-12-31,599.5,603.4,592.9,595.8,27177.493
2026-01-01,593.2,606.5,585.9,599.6,34439.413
2026-01-02,609.8,618.7,585.4,593.3,57714.786
2026-01-03,654.5,664.1,608.5,609.9,92733.465
2026-01-04,639.1,662.5,635.4,654.5,88728.675
2026-01-05,645.2,669.6,639.0,639.2,87698.158
2026-01-06,638.2,658.0,624.1,645.3,65951.659
2026-01-07,629.2,638.2,622.2,638.2,21367.687
2026-01-08,632.0,653.4,619.0,629.3,54007.428
2026-01-09,634.7,642.5,625.0,632.1,34426.625
2026-01-10,643.9,650.4,631.4,634.7,21844.69
2026-01-11,649.1,667.0,638.1,644.0,124934.69
2026-01-12,621.7,661.2,613.1,649.2,133573.83
2026-01-13,617.0,626.6,605.1,621.6,101028.819
2026-01-14,597.4,619.5,593.6,617.0,116833.267
2026-01-15,590.8,630.6,574.5,597.5,211491.276
2026-01-16,599.5,606.9,589.5,590.9,114365.314
2026-01-17,594.1,602.7,588.9,599.6,64836.315
2026-01-18,591.4,602.3,587.7,594.1,24086.238
2026-01-19,584.0,594.8,562.8,591.4,51379.087
2026-01-20,573.2,587.2,564.2,584.0,58930.105
2026-01-21,584.8,598.0,570.2,573.1,63001.86
2026-01-22,599.2,604.0,584.5,584.8,25155.548
2026-01-23,595.7,601.5,586.5,599.2,19873.144
2026-01-24,593.6,599.1,590.8,595.7,8196.232
2026-01-25,572.2,595.9,563.6,593.6,23802.139
2026-01-26,578.7,583.3,571.2,572.1,14970.053
2026-01-27,600.2,603.9,577.6,578.7,36032.425
2026-01-28,591.1,602.0,589.4,600.2,18786.675
2026-01-29,554.1,591.4,548.2,591.2,27886.294
2026-01-30,553.2,559.8,533.4,554.1,49495.202
2026-01-31,507.5,554.1,467.2,553.3,72516.898
2026-02-01,516.2,538.4,506.2,507.6,84361.113
2026-02-02,539.7,544.1,497.4,516.3,52571.702
2026-02-03,527.1,542.1,509.6,539.6,36642.32
2026-02-04,532.5,539.9,515.0,527.0,37639.924
2026-02-05,453.9,542.6,452.6,532.5,93295.953
2026-02-06,523.2,542.8,423.0,453.8,131309.698
2026-02-07,525.1,540.5,514.2,523.1,77624.275
2026-02-08,527.0,540.8,516.8,525.2,34730.786
2026-02-09,533.0,538.0,511.2,527.0,31391.099
2026-02-10,524.3,534.3,511.8,533.0,38388.19
2026-02-11,516.2,528.0,507.6,524.3,38933.857
2026-02-12,503.0,521.0,493.8,516.2,25899.034
2026-02-13,563.9,570.0,499.9,503.0,52303.621
2026-02-14,562.9,572.6,557.6,563.9,30470.359
2026-02-15,553.5,566.6,550.4,563.0,22397.933
2026-02-16,569.2,581.5,551.5,553.5,31961.491
2026-02-17,563.4,578.0,549.5,569.2,25801.022
2026-02-18,558.0,570.2,550.6,563.5,21799.75
2026-02-19,560.4,564.9,538.7,557.9,29747.781
2026-02-20,562.4,570.7,540.8,560.2,66675.695
2026-02-21,564.1,577.0,558.5,562.5,19789.479
2026-02-22,570.7,586.2,559.0,564.1,50444.272
2026-02-23,495.8,570.8,487.3,570.8,76023.825
2026-02-24,484.8,499.1,470.8,495.7,72609.414
2026-02-25,492.9,520.3,483.9,484.8,53756.738
2026-02-26,478.4,505.8,476.6,492.8,29976.65
2026-02-27,461.5,491.1,455.1,478.4,32169.414
2026-02-28,457.6,468.4,439.6,461.4,42894.538
2026-03-01,441.7,466.9,432.0,457.6,28623.582
2026-03-02,445.3,454.4,436.1,441.7,35460.97
2026-03-03,443.9,450.1,432.2,445.4,24297.435
2026-03-04,466.9,476.8,439.0,443.9,44261.326
2026-03-05,461.6,467.8,454.3,466.8,30348.687
2026-03-06,449.7,463.3,442.2,461.5,21438.593
2026-03-07,450.2,454.1,445.7,449.6,13844.826
2026-03-08,443.1,455.4,440.4,450.2,14209.03
2026-03-09,444.6,456.9,442.9,443.0,23746.392
2026-03-10,447.1,454.3,442.6,444.5,27205.973
2026-03-11,455.1,461.2,445.7,447.0,19453.148
2026-03-12,455.2,461.5,451.6,455.1,11218.469
2026-03-13,461.0,475.6,454.8,455.2,39232.293
2026-03-14,467.6,468.5,454.3,460.9,16336.77
2026-03-15,469.7,470.7,459.8,467.6,17886.861
2026-03-16,478.8,483.8,465.1,469.6,25463.505
2026-03-17,470.7,481.2,470.2,478.8,13922.653
2026-03-18,456.9,472.6,446.5,470.7,18368.338
2026-03-19,455.6,460.7,449.7,456.9,18252.727
2026-03-20,474.6,475.2,454.9,455.7,21846.582
2026-03-21,462.6,477.2,459.7,474.6,13083.112
2026-03-22,467.4,471.4,457.4,462.5,20206.795
2026-03-23,478.0,486.3,462.6,467.4,26604.513
2026-03-24,477.4,480.2,468.6,478.1,23114.362
2026-03-25,473.6,480.3,471.4,477.4,13866.679
2026-03-26,461.9,474.1,458.7,473.6,18277.488
2026-03-27,472.9,475.0,458.2,462.0,57189.175
2026-03-28,481.2,484.2,470.8,472.9,25019.844
2026-03-29,452.7,484.8,446.9,481.2,93699.265
2026-03-30,460.3,467.4,450.6,452.7,33395.922
2026-03-31,466.5,477.9,460.0,460.3,39604.712
2026-04-01,455.1,466.6,453.7,466.5,37116.947
2026-04-02,444.3,455.8,439.4,455.1,23884.47
2026-04-03,443.0,446.7,439.6,444.2,8808.812
2026-04-04,441.2,445.1,440.9,443.0,6996.991
2026-04-05,428.6,442.5,420.4,441.1,23521.355
2026-04-06,435.1,440.6,428.7,428.7,17547.854
2026-04-07,445.9,448.4,429.9,435.0,17971.893
2026-04-08,441.3,449.9,440.1,446.0,18131.002
2026-04-09,443.1,446.9,433.0,441.3,19468.639
2026-04-10,443.8,446.8,434.3,443.2,13141.794
2026-04-11,437.7,445.3,436.6,443.7,8778.886
2026-04-12,421.3,438.0,419.5,437.6,25425.501
2026-04-13,438.2,440.6,421.1,421.2,15504.761
2026-04-14,436.2,444.2,433.5,438.3,14172.971
2026-04-15,440.8,443.4,427.5,436.2,11572.838
2026-04-16,454.9,457.5,434.1,440.8,18450.396
2026-04-17,453.4,461.8,446.6,454.8,18935.659
2026-04-18,443.5,456.1,443.3,453.4,9480.008
2026-04-19,435.1,446.2,433.9,443.6,9877.988
2026-04-20,443.6,446.4,435.2,435.3,8005.93
2026-04-21,448.5,449.7,440.5,443.6,12511.708
2026-04-22,460.3,474.0,447.5,448.6,30013.685
2026-04-23,460.8,461.0,452.5,460.3,18193.907
2026-04-24,456.2,461.7,454.5,460.9,9324.242
2026-04-25,453.0,456.5,452.1,456.2,4766.45
2026-04-26,454.9,456.3,450.3,453.1,7114.758
2026-04-27,449.8,458.2,446.1,455.0,13050.617
2026-04-28,453.7,454.2,442.7,449.8,8021.206
2026-04-29,447.5,455.6,441.9,453.7,10733.693
2026-04-30,440.9,449.3,440.3,447.5,6651.632
2026-05-01,450.5,458.2,440.9,441.0,10072.882
2026-05-02,445.7,453.2,444.4,450.6,4276.149
2026-05-03,443.2,447.5,442.4,445.6,5230.95
2026-05-04,443.7,450.8,437.0,443.1,25745.13
2026-05-05,461.4,464.5,443.0,443.8,35728.834
2026-05-06,465.7,489.3,458.5,461.5,66112.583
2026-05-07,450.2,466.4,447.0,465.7,16635.574
2026-05-08,450.5,454.5,447.8,450.3,14290.65
2026-05-09,449.8,453.9,448.3,450.5,11516.573
2026-05-10,464.3,465.4,449.0,449.9,15360.681
2026-05-11,450.2,465.3,447.9,464.4,15052.634
2026-05-12,439.6,450.4,436.0,450.2,22805.876
2026-05-13,434.1,444.8,430.0,439.6,22082.849
2026-05-14,435.0,438.9,431.5,434.2,8061.695
2026-05-15,426.8,437.5,423.8,434.9,20813.41
2026-05-16,415.8,428.2,410.6,426.8,34719.605
2026-05-17,404.8,416.8,400.0,415.8,11386.055
2026-05-18,378.8,404.8,348.3,404.8,135835.464
2026-05-19,370.4,386.7,360.8,378.8,49253.812
2026-05-20,373.1,375.2,364.0,370.4,22274.251
2026-05-21,380.4,383.5,372.9,373.2,19384.169
2026-05-22,360.7,382.3,359.1,380.5,19132.754
2026-05-23,355.5,364.7,342.9,360.7,40041.832
2026-05-24,347.0,358.0,333.5,355.6,19754.598
2026-05-25,351.7,352.5,344.1,347.0,11407.986
2026-05-26,343.4,355.2,342.7,351.8,16884.038
2026-05-27,334.8,347.5,332.0,343.4,17294.609
2026-05-28,300.3,336.2,287.8,334.7,129934.702
2026-05-29,302.3,312.4,296.6,300.2,86978.39
2026-05-30,303.7,308.1,296.8,302.3,20483.925
2026-05-31,302.9,308.2,297.5,303.7,38984.331
2026-06-01,293.8,304.8,278.1,302.8,44690.258
2026-06-02,268.7,294.1,265.1,293.9,48215.329
2026-06-03,243.3,271.6,239.5,268.7,325825.13
2026-06-04,245.6,252.1,230.2,243.3,90407.306
2026-06-05,210.0,246.1,207.9,245.5,96259.357
2026-06-06,217.4,227.2,202.0,209.9,71645.453
2026-06-07,230.3,234.6,215.7,217.4,43523.297
2026-06-08,209.4,231.6,199.1,230.3,345559.487
2026-06-09,203.4,211.0,201.0,209.4,62023.639
2026-06-10,194.5,204.5,191.7,203.4,58489.66
2026-06-11,205.3,209.8,192.6,194.4,75570.137
2026-06-12,202.2,209.1,201.0,205.3,38456.175
2026-06-13,208.7,209.7,200.9,202.2,30161.232
2026-06-14,210.7,210.8,196.7,208.7,44020.625
2026-06-15,224.6,231.1,209.5,210.6,65295.268
2026-06-16,214.1,228.2,212.5,224.5,98108.415
2026-06-17,212.5,218.2,208.5,214.0,47381.509
2026-06-18,199.7,215.4,192.8,212.6,66118.945
2026-06-19,198.6,200.0,192.9,199.7,39896.556
2026-06-20,200.1,200.9,195.6,198.6,19193.263
2026-06-21,194.9,200.2,194.4,200.1,13393.42
2026-06-22,197.7,205.3,194.9,195.0,26062.55
2026-06-23,194.6,198.4,186.4,197.6,111979.48
2026-06-24,190.4,196.6,181.0,194.7,49757.298
2026-06-25,193.1,197.2,182.4,190.5,44870.465
2026-06-26,197.3,203.0,184.9,193.1,47424.406
2026-06-27,195.5,200.1,194.4,197.4,16689.964
2026-06-28,191.0,198.0,188.3,195.4,17411.023
2026-06-29,201.2,203.0,188.5,191.0,24363.872
2026-06-30,200.0,202.6,194.3,201.3,30537.838
2026-07-01,210.1,218.9,196.0,200.1,49111.802
2026-07-02,220.4,223.0,210.0,210.1,45677.61
2026-07-03,229.5,231.0,219.4,220.3,38065.081
2026-07-04,236.1,237.8,224.1,229.4,29971.967
2026-07-05,244.4,249.5,234.2,236.1,44969.247
2026-07-06,242.1,251.1,234.6,244.4,41545.487
2026-07-07,239.4,245.0,234.7,242.1,26808.742
2026-07-08,235.4,241.8,228.9,239.4,32034.214
2026-07-09,237.8,241.0,231.4,235.4,21825.947
2026-07-10,245.2,255.1,237.0,237.9,30134.064
2026-07-11,244.0,250.3,243.5,245.2,19926.697
2026-07-12,240.3,247.9,239.0,243.9,21075.97
2026-07-13,236.5,244.9,233.0,240.2,21229.788
2026-07-14,236.8,242.3,231.2,236.5,22894.307
2026-07-15,223.1,238.3,222.3,236.9,33012.622
2026-07-16,221.9,227.3,219.4,223.1,56696.075
2026-07-17,219.7,224.6,213.8,222.0,54359.944
2026-07-18,220.2,222.0,217.0,219.8,14617.052
2026-07-19,215.3,220.5,214.1,220.1,14900.982
2026-07-20,219.9,221.3,209.8,215.3,25419.787
2026-07-21,223.9,226.8,219.7,219.9,21003.727
2026-07-22,220.0,225.6,218.5,224.0,15004.535
2026-07-23,211.8,220.5,208.2,220.0,21609.168
2026-07-24,211.0,213.4,207.6,211.8,15254.177
2026-07-25,209.8,213.0,209.1,211.0,18144.971
2026-07-26,217.1,219.1,209.1,209.8,16548.044
2026-07-27,211.8,220.2,210.9,217.1,32426.294
2026-07-28,214.3,215.4,209.3,212.0,20881.003
2026-07-29,211.5,216.2,204.4,214.3,20897.949
2026-07-30,217.0,222.0,208.3,211.5,24159.699
2026-07-31,210.0,218.3,205.0,216.9,22123.37
2026-08-01,208.1,212.6,205.9,210.1,11666.639
2026-08-02,212.9,214.9,207.2,208.1,11805.53
2026-08-03,213.2,215.4,208.6,212.7,11967.188
2026-08-04,213.4,214.8,211.4,213.2,10001.542
2026-08-05,214.6,217.4,210.0,213.4,18501.119
2026-08-06,212.8,215.7,210.8,214.7,12125.932
2026-08-07,214.8,218.2,212.5,212.7,10635.782
2026-08-08,216.2,218.8,214.4,214.8,6033.06
2026-08-09,214.8,218.6,213.9,216.2,5978.017
2026-08-10,213.3,217.5,212.4,214.7,6176.329
2026-08-11,213.8,216.1,211.1,213.3,9125.576
2026-08-12,215.8,216.8,212.7,213.8,3404.879
